id,famous_tname,gname
0,茶𩂯王,茶飲商品
1,中國東方航空CHINAEASTERN,航班運輸等服務
2,海南航空HAINANAIRLINES,航班運輸等服務
3,M,漢堡、薯條、薯餅」等商品
4,蘋果APPLE,電腦、手機等商品
5,APPLELOGO,電腦、手機等商品
6,F1,賽車相關之商品與服務
7,FORMULA1,賽車相關之商品與服務
8,諾得,西藥等商品
9,紅太陽,茶飲商品
10,Dr.Hsieh,中西藥品等商品
11,DRHSIEH,中西藥品等商品
12,DR.HSIEH,中西藥品等商品
13,DR.H,中西藥品等商品
14,COCO,流行服飾等商品
15,順成,糕點等商品
16,中國石油,石油化學原料等商品、石油供給服務
17,Eta-com,電力傳導、轉換、蓄積或調節用裝置及儀器
18,SwooshDesign勾狀,運動服飾及用品
19,AQUAGEN,保濕原料商品
20,品皇,咖啡等商品
21,品皇PINGHUANG,咖啡等商品
22,丁丁,個人衛生用品等商品
23,OLYMPIC,運動產業商品等
24,G-STAR,牛仔褲等商品
25,BATMAN,電影片等商品
26,Blu-ray,藍光光碟等商品
27,飛牛,牧場遊憩、觀光等服務
28,Blu-ray3D,藍光光碟等商品
29,BLU-RAYDISC,藍光光碟等商品
30,MICHELIN,輪胎、旅遊服務等商品
31,DIESEL,牛仔褲等商品
32,BRAUN,電動刮鬍刀等商品
33,BLU-RAYDISC,藍光光碟等商品
34,飛牛牧場,牧場遊憩、觀光等服務
35,bDlogo／Blu-rayDisclogo,藍光光碟等商品
36,chicco,嬰幼兒商品及相關服務
37,飛牛,電腦動畫設計等服務
38,飛牛牧場,電腦動畫設計等服務
39,雅方,冰品、冷凍調理食品等產品
40,東龍,咖啡機等商品
41,UCC,茶、咖啡等商品
42,iPhone,手機、電腦等商品
43,AQUAGEN,保濕護膚品等商品
44,ADIDAS,各種膠紙、標籤、燙壓標籤
45,DAMIERAZURfig,手提包等商品
46,MonogramCanvas,手提包等商品
47,AppleTV,電腦軟硬體、行動電話、數位影音播放器等商品
48,h2o+,保養品等商品
49,日盛,股票買賣業務之服務。
50,日盛,股票買賣業務之服務。
51,Deff,行動電話護套等
52,moshi,行動電話保護套等。
53,iGlaze,行動電話保護套等。
54,iPhone,網路手機等
55,AppleLogo,行動電話等
56,Rilakkuma&Device,讀卡機等、手機吊帶等
57,小叮噹哆啦A夢DORAEMONドラえもん,電腦螢幕顯示器等
58,HELLOKITTY,行動電話外殼等
59,HELLOKITTY臉圖,行動電話外殼等
60,LittleTwinStars,行動電話等
61,POOH,行動電話等
62,MickeyMouseCircleDevice,行動電話等
63,DISNEYINTERACTIVESTUDIOS&Device,行動電話等
64,DISNEYBABYStylized,行動電話等
65,DISNEYENGLISH&Device,行動電話等
66,DISNEY,行動電話等
67,DISNEYXD&Device,行動電話等
68,賽吉兒,女性私密部位之清潔凝露等商品
69,山葉,船舶及其零組件等
70,YAMAHA,船舶及其零組件等
71,音叉,船舶及其零組件等
72,BOSS,旅行袋、皮夾、皮革、手提箱、鐘錶、眼 鏡、衣服、冠帽、靴鞋等商品
73,HUGOBOSS,旅行袋、皮夾、皮革、手提箱、鐘錶、眼 鏡、衣服、冠帽、靴鞋等商品
74,BOSSKidswear,旅行袋、皮夾、皮革、手提箱、鐘錶、眼 鏡、衣服、冠帽、靴鞋等商品
75,TheDarkKnight,電影等商品
76,法拉利,汽車等商品
77,RIMOWA,各式手提箱，旅行箱袋，化粧箱，公事包，攝影器材箱袋
78,旺旺,米果等食品
79,旺旺,米果等食品
80,ZEISS,光學鏡片、光學相關產品等商品
81,蔡司,光學鏡片、光學相關產品等商品
82,LOEWE,皮夾、皮包
83,富士通FUJITSU,半導體、電腦等商品
84,TTL,啤酒類等商品
85,ＭＡＲＬＢＯＲＯＬＡＢＥＬ,香菸商品
86,君品logo,食品零售、旅館事業等服務
87,樂沐,餐廳等服務
88,貴族世家,肉類零售批發、餐廳服務
89,施華洛世奇,珠寶等商品
90,君品,食品零售、旅館事業等服務
91,雞圖,運動服、鞋等商品
92,LACTACYD,人用、動物用藥品等商品
93,lecoqsportif&device,運動服、鞋等商品
94,元本山,海苔等商品
95,TEFLON,廚具、潤滑油等商品
96,DowntonAbbey,電視節目製作及播送等相關商品或服務
97,鐵氟龍,廚具、潤滑油等商品
98,唐頓莊園,電視節目製作及播送等相關商品或服務
99,UNIQLOLogo,服飾、背包等商品
100,MonogramDoubleCDevice,各種書包、手提箱袋、旅行袋、皮夾
101,M.U.SPORTS,高爾夫球竿等商品
102,杏輝,藥品等商品或服務
103,CONVERSEALLSTARChuckTaylorAnklePatchDesign,球鞋等商品
104,金洲,漁網、線、繩索等商品或相關服務
105,DR.WU,護膚保養品等商品
106,Google,網路搜尋引擎等服務
107,春水堂,茶飲商品、喫茶店等服務
108,仙妮蕾德SUNRIDER,健康、美容及居家產品等商品
109,VALRHONA,巧克力相關商品
110,VALRHONAflowerlogo,巧克力相關商品
111,法芙娜VALRHONA,巧克力相關商品
112,TASTY西堤,牛排、牛乳、乾製果蔬、人造肉、茶飲料、冰、蛋糕、義大利麵、新鮮水果、酒之商品
113,TASTY,牛排、牛乳、乾製果蔬、人造肉、茶飲料、冰、蛋糕、義大利麵、新鮮水果、酒之商品
114,金洲KINGCHOU,漁網、線、繩索等商品或相關服務
115,金洲KINGCHOU,漁網、線、繩索等商品或相關服務
116,KINGCHOU金洲,漁網、線、繩索等商品或相關服務
117,M.USPORTS,衣服等商品
118,福樂,乳品類商品
119,BOTOX,化妝品、治療神經疾病等商品
120,Dr.Hsieh,醫學美容保養等商品
121,DRHSIEH,醫學美容保養等商品
122,DR.HSIEH,醫學美容保養等商品
123,DR.H,醫學美容保養等商品
124,Dr.Hsieh,醫學美容保養等商品
125,DRHSIEH,醫學美容保養等商品
126,DR.HSIEH,醫學美容保養等商品
127,DR.H,醫學美容保養等商品
128,DowntonAbbey,電視節目製作及播送等相關商品或服務
129,唐頓莊園,電視節目製作及播送等相關商品或服務
130,M.USPORTS,衣服等商品
131,喜羊羊與灰太狼PleasantGoatandBigBigWolf,「喜羊羊與灰太狼」卡通及其衍生商品
132,喜羊羊,「喜羊羊與灰太狼」卡通及其衍生商品
133,喜羊羊SuperSchool,「喜羊羊與灰太狼」卡通及其衍生商品
134,香奈兒,衣服等商品
135,FacebookLogo,社群網站服務
136,喜年來SERNA,餅乾、蛋捲等商品
137,小叮噹哆啦A夢DORAEMON,玩偶、皮夾、錢包、腰包、鑰匙圈、電腦連接器、耳機、充電器、端子轉接器、資料傳輸線、鐘錶等商品
138,NIKE,玩偶、皮夾、錢包、腰包、鑰匙圈、電腦連接器、耳機、充電器、端子轉接器、資料傳輸線、鐘錶等商品
139,adidas,玩偶、皮夾、錢包、腰包、鑰匙圈、電腦連接器、耳機、充電器、端子轉接器、資料傳輸線、鐘錶等商品
140,PUMA,玩偶、皮夾、錢包、腰包、鑰匙圈、電腦連接器、耳機、充電器、端子轉接器、資料傳輸線、鐘錶等商品
141,Rilakkuma拉拉熊,玩偶、皮夾、錢包、腰包、鑰匙圈、電腦連接器、耳機、充電器、端子轉接器、資料傳輸線、鐘錶等商品
142,HelloKitty,玩偶、皮夾、錢包、腰包、鑰匙圈、電腦連接器、耳機、充電器、端子轉接器、資料傳輸線、鐘錶等商品
143,MYMELODY,玩偶、皮夾、錢包、腰包、鑰匙圈、電腦連接器、耳機、充電器、端子轉接器、資料傳輸線、鐘錶等商品
144,JAGUAR&DEVICE,跑車等商品
145,貓空纜車MaokongGondola,衣服、遊戲器具、餐廳等商品或服務
146,貓空纜車,衣服、遊戲器具、餐廳等商品或服務
147,卡洛塔妮Karihome,嬰幼兒營養保健食品及成人保健食品
148,卡洛塔妮Karihome,嬰幼兒營養保健食品及成人保健食品
149,卡洛塔妮Karihome,嬰幼兒營養保健食品及成人保健食品
150,MortalKombat,電玩遊戲、電影、數位光碟等電子商品不同
151,DELTAI,彈簧床、雙層床等商品
152,TEHTAI,彈簧床、雙層床等商品
153,DETAI,彈簧床、雙層床等商品
154,德泰,彈簧床、雙層床等商品
155,德泰,彈簧床、雙層床等商品
156,G-STAR,牛仔褲等商品
157,G-STAR,牛仔褲等商品
158,阿枝,小吃店、餐廳、羊肉乾、羊肉醬、羊肉湯等服務/商品
159,老行家,養生膳品及珍珠粉等商品
160,adidas英文,運動服裝、Ｔ恤及衣服等商品
161,chicco,婦幼用品等商品
162,QOO,水果飲料、果汁、果汁汽水等商品
163,CHANEL,個人數位助理器專用袋、個人數位助 理器專用套、手機外殼、裝飾品等相關商品
164,HelloKitty,個人數位助理器專用袋、個人數位助 理器專用套、手機外殼、裝飾品等相關商品
165,MYMELODY,個人數位助理器專用袋、個人數位助 理器專用套、手機外殼、裝飾品等相關商品
166,腳の眼鏡GOODARCH,足弓矯正器鞋組、鞋墊等商品
167,飛馬,油品、加油站等服務
168,GAP,衣服等商品
169,WaveDevice,運動服飾及用品
170,QUIKSILVERandMountainandWaveDevice,運動服飾及用品
171,WaveDevice,運動服飾等相關商品
172,MOUNTAINANDWAVEDEVICE,運動服飾等相關商品
173,飛牛,電腦動畫設計等服務
174,飛牛牧場,電腦動畫設計等服務
175,ASTONMARTIN&WingsDevice,汽車等商品
176,MILDSEVEN,香菸產品
177,FORKEDBADGEDEVICE,運動鞋等商品
178,老爺大酒店HotelRoyalTaipeiDevice,餐廳、旅館等服務
179,老爺,餐廳、旅館等服務
180,COCO,流行服飾、皮包、服飾配件、化妝品、香水等商品
181,七星,香煙等商品
182,MILDSEVEN,香煙等商品
183,SEVENSTARS,香煙等商品
184,吳記,喜餅、麵包等商品
185,Wahaha,飲料等商品
186,Wahaha,飲料等商品
187,娃哈哈,飲料等商品
188,鱷魚牌CROCODILE,內衣、睡衣等
189,鱷魚,內衣、睡衣等
190,Hlogoinblackandwhite,飯店、汽車旅館、提供住宿之服務等
191,HolidayInn﹝wordswithHlogoonpylondevice﹞,飯店、汽車旅館、提供住宿之服務等
192,HolidayInnExpress﹝wordswithHlogoonpylondevice﹞,飯店、汽車旅館、提供住宿之服務等
193,HolidayInnResort[wordswithHlogoonpylondevice],飯店、汽車旅館、提供住宿之服務等
194,H[LOGO]WITHHOLIDAYINNEXPRESSINCHINESECHARACTERS,飯店、汽車旅館、提供住宿之服務等
195,CROSS,筆類書寫工具及相關配件等商品
196,ANDROID,電腦軟、硬體、行動通訊商品、作業系統及網路相關服務
197,BURBERRYSCHECK格紋,衣服、香水等商品
198,蘋果,電腦、手機等商品
199,APPLE,電腦、手機等商品
200,DFS,綜合性商品零售服務
201,DFS,綜合性商品零售服務
202,BOTOX,肉毒桿菌素等商品
203,DowntonAbbey,電視節目製作及播送等相關商品或服務
204,唐頓莊園,電視節目製作及播送等相關商品或服務
205,膳魔師,保溫瓶等商品
206,施華洛世奇,水晶等商品
207,CPC,石油相關商品或服務
208,阿凡達Avatar,電影及其周邊商品
209,R,唱片、化妝品等商品
210,GLOCK,手槍、模擬手槍等商品
211,宮保第,提供文化古蹟相關之參訪服務及周邊商品
212,DADASUPREME&Design,衣服，帽，上衣，褲，裙，內衣，襪
"    ，鞋""",,
213,CHANEL,各種書包、手提箱袋、旅行袋、皮夾
214,STAPLES,家具、辦公家具等相關商品
215,7-ELEVEN&Design,綜合性之商品零售服務
216,7-ELEVEN&Designinblackandwhite,綜合性之商品零售服務
217,7-ELEVEN&Designincolor,綜合性之商品零售服務
218,DEPO光形,車燈、霧燈等商品
219,DEPO,車燈、霧燈等商品
220,ESDEPO,車燈、霧燈等商品
221,帝寶DEPO,車燈、霧燈等商品
222,鹹蛋超人,卡通及其周邊商品
223,CHANEL,衣服等商品
224,武媚娘傳奇THEEMPRESSOFCHINA,戲劇等商品
225,N次貼,便條、便箋等
226,Choc恰女生,少女街頭流行文化及相關之服飾等商品
227,LittleTwinStars,手機吊飾、手機裝飾品等
228,HELLOKITTY側臉,端子轉接器、行李吊牌等
229,HELLOKITTY,端子轉接器、行李吊牌等
230,HELLOKITTY輪廓圖,端子轉接器、行李吊牌等
231,HELLOKITTY,端子轉接器、行李吊牌等
232,R,娛樂事業等服務
233,TTL,酒等商品
234,TTL台灣菸酒,酒等商品
235,BOSS,香水等商品
236,BOSSHUGOBOSS,香水等商品
237,誠品eslite,書店等服務
238,BMW,車輛、車輛修理保養及車輛代理進出口等多類商品及服務
239,KUGA,汽車商品
240,PlusDesign,銀飾、珠寶等商品
241,富蘭克林,財務與投資經理服務等
242,COOLWATER,香水等商品
243,RICS,提供土地、房地產等測量、估價及相關財金環境議題之研究及分析報告、專業人員培訓等服務
244,獅頭,提供土地、房地產等測量、估價及相關財金環境議題之研究及分析報告、專業人員培訓等服務
245,BabyBoss,旅行袋等商品
246,寶咔PATATA,零食等商品
247,ROCKSTAR,提神飲料、服飾等商品
248,ROCKSTARENERGYDRINK,提神飲料、服飾等商品
249,五星雙R,提神飲料、服飾等商品
250,HCG,衛浴設備相關商品
251,金興發,生活百貨、五金百貨、文具等商品
252,CROWN,飯店、休閒娛樂等服務
253,涵碧樓,飯店、賓館等，會場出租、宴會廳出租、商務中心會議室之出租，餐廳、咖啡廳等服務。
254,涵碧樓,不動產租售、買賣、租賃之仲介，建築物之營建代建及園景、室內裝潢工程施工，建築物之設計、土木建築工程之設計、室內設計服務
255,HCG,衛浴設備等商品
256,ROCKSTAR,提神飲料等商品
257,ROCKSTARENERGYDRINK,提神飲料等商品
258,五星雙R,提神飲料等商品
259,HCG,衛浴設備等商品
260,BOSS,香水等商品
261,BOSSHUGOBOSS,香水等商品
262,TODS,皮包、手提袋、行李箱、皮飾配件等商品
263,Vinellipse,衣服、冠帽、皮件、旅行袋、傘具、眼鏡、鐘錶及化粧品等商品
264,Vinoval,衣服、冠帽、皮件、旅行袋、傘具、眼鏡、鐘錶及化粧品等商品
265,HCG,衛浴設備等商品
266,LONGINES,鐘錶及計時儀器等商品
267,RICS,不動產測量與管理等服務
268,獅頭,不動產測量與管理等服務
269,LOREALSALONEMOTION,企業組織諮詢，廣告，網路線上廣告，美髮美容企業之專業諮詢」服務
270,GUCCI,腰帶等商品
271,BMW,汽車等商品
272,iDrive,車輛控制系統等商品
273,APPLE,手機等商品
274,北大,高等教育服務
275,北大,高等教育服務
276,大長今,「大長今」劇及其周邊商品
277,BurberryCheck,手錶等
278,BURBERRY,手錶等
279,EquestrianKnightDevice,手錶等
280,好市多,零售批發服務
281,COSTCO,零售批發服務
282,MOMO,方向盤、汽車及賽車用零配件等商品
283,KUGA,汽車等商品
284,OSRAM,燈泡等商品
285,OSRAM,燈泡等商品
286,OSRAM,燈泡等商品
287,OSRAMdesign,燈泡等商品
288,TTL,酒等商品
289,TTL台灣菸酒,酒等商品
290,SEIKO,鐘錶、計時儀器等相關商品
291,SUZUKI,音樂教育等知識或技術之傳授、指導等服務
292,BURBERRYSCHECK格紋,衣服、皮包、香水等商品
293,Corrida,能量飲料等商品
294,RICS,不動產測量與管理等服務
295,獅頭,不動產測量與管理等服務
296,BURBERRYSCHECK經典格紋,衣物、配件等商品
297,BURBERRYSCHECKBlack&White黑白格紋,衣物、配件等商品
298,BURBERRYSCHECK經典格紋,衣物、配件等商品
299,BURBERRYSCHECKBlack&White黑白格紋,衣物、配件等商品
300,POLOPLAYERSYMBOL,領帶、衣服等商品、零售服務
301,POLO,領帶、衣服等商品、零售服務
302,BLUNT,雨傘、雨具類商品
303,PUMA,鞋子、包包、襪子、衣服等商品
304,RICS,不動產測量與管理等服務
305,LANDROVERLogo,汽車等商品
306,LANDROVER,汽車等商品
307,RANGEROVER,汽車等商品
308,REGENT,餐廳、旅館等相關服務
309,麗晶,餐廳、旅館等相關服務
310,CSBC,造船工程設計等
311,HunterLogo,靴鞋等
312,LVdevice,旅行袋、背包、手提包等商品
313,LVCircle,旅行袋、背包、手提包等商品
314,CHANEL&CCmonogram,鑰匙圈等
315,REGENT,餐廳、旅館等服務
316,麗晶,餐廳、旅館等服務
317,REGENT,餐廳、旅館等服務
318,麗晶,餐廳、旅館等服務
319,REGENT,餐廳、旅館等服務
320,麗晶,餐廳、旅館等服務
321,GENIUS,手工具商品
322,LONG,電池相關商品
323,HPandDesign,電腦、印表機及週邊商品、零組件等商品及相關之服務
324,HP,電腦、印表機及週邊商品、零組件等商品及相關之服務
325,帝寶DEPO,車燈，霧燈等
326,DEPO,車燈
327,DEPO光形,汽車、機車等，車燈、霧燈等
328,REGENT,餐廳、旅館等服務
329,麗晶,餐廳、旅館等服務
330,REGENT,餐廳、旅館等服務
331,麗晶,餐廳、旅館等服務
332,BALL,鐘錶商品
333,GG,公事包、手提箱、旅行及手提袋等商品
334,Choc恰女生,雜誌等商品
335,台糖,砂糖、方糖
336,福樂,鮮牛乳、合成牛乳
337,幸福空間,家具等，床單等，壁紙等商品，廣告企劃等，各種書刊雜誌文獻之出版發行等，各種書刊編輯等服務
338,Choc恰女生,雜誌等商品
339,SIEMENS,電動剃刀、電髮剪等商品
340,西門子,電動剃刀、電髮剪等商品
341,Choc恰女生,雜誌等商品
342,FUJITSU,半導體、電腦及周邊應用裝置、通訊裝置、電子裝置、軟體等商品，及政府機關、流通業、製造業、醫療業等資訊和通訊技術方面的整體解決方案服務
343,Choc恰女生,雜誌等商品
344,台灣高鐵TaiwanHighSpeedRail,資料夾等商品
345,StayReal,服飾等商品
346,VALENTINOGARAVANIandVLogo,衣服及其配飾、皮包、靴鞋、皮帶、錶、眼鏡和香水等產品
347,VALENTINO,衣服及其配飾、皮包、靴鞋、皮帶、錶、眼鏡和香水等產品
348,VLogo&VALENTINO,衣服及其配飾、皮包、靴鞋、皮帶、錶、眼鏡和香水等產品
349,R.E.D.VALENTINO,衣服及其配飾、皮包、靴鞋、皮帶、錶、眼鏡和香水等產品
350,Vinoval,衣服及其配飾、皮包、靴鞋、皮帶、錶、眼鏡和香水等產品
351,Vinellipse,衣服及其配飾、皮包、靴鞋、皮帶、錶、眼鏡和香水等產品
352,RICS,不動產測量與管理等服務
353,獅頭,不動產測量與管理等服務
354,KUGA,汽車等商品
355,POLOREDLabel,衣飾、領帶等商品
356,PIAGET,手錶等商品
357,KAWASAKI,車輛、機械、工程建設等商品或有關服務
358,XEON,電腦等商品
359,三井,投資及代理食料等商品進出口服務
360,三井物產,投資及代理食料等商品進出口服務
361,POLOandPOLOPLAYERDesign,衣飾、領帶等商品
362,保羅POLO,衣飾、領帶等商品
363,IXO,鋰電池起子機商品
364,Choc恰女生,雜誌等商品
365,DesignFinaBox,社群網站服務
366,Quanta,電腦相關商品、服務
367,KENZO,衣服、靴鞋、冠帽及其相關商品
368,Bikertopia,車隊服務及舉辦娛樂、運動、文化等活動之相關服務
369,BIKERTOPIA,車隊服務及舉辦娛樂、運動、文化等活動之相關服務
370,香奈兒,髮型設計、燙髮等
371,香芮CHANEL&DEVICE,香水、香精
372,CHANEL,鐘錶及其組件
373,CHANEL,衣服
374,ＣＨＡＮＥＬ,皮帶、皮包、手提包、皮夾、錢包、背包、皮箱、手提箱袋、鑰匙包
375,香奈兒,化粧品，人體用肥皂等
376,香奈兒,衣服，領巾，頭巾，服飾用皮帶
377,LOWA,鞋類商品
378,LOWAincolors,鞋等商品
379,LOWANATURELINEword,鞋等商品
380,Choc恰女生,雜誌等商品
381,ESPRIQUE,粉底霜等商品
382,CHANEL,香水等商品以及保健、美容等服務
383,香奈兒,香水等商品以及保健、美容等服務
384,香奈兒CHANEL,香水等商品以及保健、美容等服務
385,玉珍齋,糖果、餅乾等
386,玉珍齋鳳黃酥,米果、月餅等
387,BOSS,香水等商品
388,BOSSHUGOBOSS,香水等商品
389,BOSS,香水等商品
390,BOSSHUGOBOSS,香水等商品
391,BOSS,香水等商品
392,BOSSHUGOBOSS,香水等商品
393,EINK,含有電泳顯示材料、電敏材料等、或微機械裝置懸浮液之平板電子視覺顯示器
394,EINK,含有電泳顯示材料、電敏材料或微機械裝置之懸浮液
395,instagram,電信通訊等服務
396,ESPRIQUE,粉餅等商品
397,ESPRIQUE,粉餅等商品
398,ESPRIQUE,粉餅等商品
399,ESPRIQUE,粉餅等商品
400,BOSS,香水等商品
401,BOSSHUGOBOSS,香水等商品
402,facebook,社群網站服務
403,ESPRIQUE,粉餅等商品
404,CAMEL,菸品商品
405,CAMELStylizedwithCamelDevice,菸品商品
406,CameldeviceIX,菸品商品
407,CAMELstylizedIII,菸品商品
408,富蘭克林,財務與投資經理服務等
409,BOSS,香水等商品
410,BOSSHUGOBOSS,香水等商品
411,PUMA,鞋子等商品
412,StayReal,服飾等商品
413,台電,「工業用煤灰、石膏」及「配電、電力之管線輸送、能源分配；機械安裝修理、燃燒爐保養及修理、電力電纜安裝、電氣設備安裝修理；電子廣告看板出租，網路廣告看板出租；水力、火力及核能發電輸電配電技術之研發，為他人提供電力、能源技術之諮詢」等商品及服務
414,台灣電力,「工業用煤灰、石膏」及「配電、電力之管線輸送、能源分配；機械安裝修理、燃燒爐保養及修理、電力電纜安裝、電氣設備安裝修理；電子廣告看板出租，網路廣告看板出租；水力、火力及核能發電輸電配電技術之研發，為他人提供電力、能源技術之諮詢」等商品及服務
415,台灣電力公司,「工業用煤灰、石膏」及「配電、電力之管線輸送、能源分配；機械安裝修理、燃燒爐保養及修理、電力電纜安裝、電氣設備安裝修理；電子廣告看板出租，網路廣告看板出租；水力、火力及核能發電輸電配電技術之研發，為他人提供電力、能源技術之諮詢」等商品及服務
416,TPRI台電綜合研究所TaiwanPowerResearchInstitute,「工業用煤灰、石膏」及「配電、電力之管線輸送、能源分配；機械安裝修理、燃燒爐保養及修理、電力電纜安裝、電氣設備安裝修理；電子廣告看板出租，網路廣告看板出租；水力、火力及核能發電輸電配電技術之研發，為他人提供電力、能源技術之諮詢」等商品及服務
417,Taipower,「工業用煤灰、石膏」及「配電、電力之管線輸送、能源分配；機械安裝修理、燃燒爐保養及修理、電力電纜安裝、電氣設備安裝修理；電子廣告看板出租，網路廣告看板出租；水力、火力及核能發電輸電配電技術之研發，為他人提供電力、能源技術之諮詢」等商品及服務
418,台電,「工業用煤灰、石膏」及「配電、電力之管線輸送、能源分配；機械安裝修理、燃燒爐保養及修理、電力電纜安裝、電氣設備安裝修理；電子廣告看板出租，網路廣告看板出租；水力、火力及核能發電輸電配電技術之研發，為他人提供電力、能源技術之諮詢」等商品及服務
419,TPC,「工業用煤灰、石膏」及「配電、電力之管線輸送、能源分配；機械安裝修理、燃燒爐保養及修理、電力電纜安裝、電氣設備安裝修理；電子廣告看板出租，網路廣告看板出租；水力、火力及核能發電輸電配電技術之研發，為他人提供電力、能源技術之諮詢」等商品及服務
420,CAMEL,香煙等商品
421,DECORFLORALfig.,皮件及服飾配件製品
422,MonogramCanvas,皮件及服飾配件製品
423,普拿疼,藥品等商品
424,百度直達號簡體字,網路搜尋引擎服務
425,百度Baidu,網路搜尋引擎服務
426,BOSS,香水等商品
427,BOSSHUGOBOSS,香水等商品
428,BOSS,香水等商品
429,BOSSHUGOBOSS,香水等商品
430,ZARA,衣服、服飾配件等相關商品/服務
431,A8device,汽車及其零組件等相關商品
432,1932CHANEL,耳環、耳環夾等
433,SBL超級籃球聯賽LOGO,衣服等商品
434,BOSS,香水等商品
435,BOSSHUGOBOSS,香水等商品
436,ZARA,服飾等商品
437,BOSS,香水等商品
438,BOSSHUGOBOSS,香水等商品
439,LANDROVER,交通工具等商品
440,RANGEROVER,交通工具等商品
441,LV,手提包等商品
442,TrefoilVersion5devicemark,各種衣服等
443,adidas+trefoildevice,各種衣服等
444,jumpingpuma,各種衣服等
445,PUMA,各種衣服等
446,DFS,美容化妝品、奢華精品、皮具及服飾類商品等綜合性商品零售服務
447,S,汽機車等商品
448,TutorABC,廣告之企劃設計製作代理宣傳及宣傳品遞送等，各種書刊、雜誌、文獻等之出版、查詢、訂閱、翻譯等，各種書刊之編輯等
449,多多,酵母乳等商品
450,輝瑞,醫藥、醫療等相關商品
451,好自在,女性衛生用品
452,SkelanimalsDeadanimalsneedlovetoo,行動電話吊飾、行動電話護套等商品
453,骷髏,行動電話吊飾、行動電話護套等商品
454,BUFFALOBILLSHELMETDESIGN,運動衣服、球員卡、印刷宣傳品、文具等商品
455,巡十二茶,草本茶系列飲品
456,QJD,烤鴨、餐廳等商品、服務
457,QuanJuDe,烤鴨、餐廳等商品、服務
458,全聚德,烤鴨、餐廳等商品、服務
459,錠嵂,為他人商品及服務之授權提供商業管理等
460,LOUISVUITTON,光學器具及儀器等
461,FLEURdansunlosangefig.,眼鏡，太陽眼鏡及眼鏡盒。
462,FLEURdansuncerclefig.,眼鏡，太陽眼鏡及眼鏡盒。
463,LOUISVUITTON,衣服及內衣等
464,孟海登MANHATTAN,衣服、服飾配件等相關商品
465,Manhattan&Design,衣服、服飾配件等相關商品
466,MANHATTANandDesign,衣服、服飾配件等相關商品
467,中華雲市集hicloudMall,軟體開發商網路平台使用及維護、上架產品測試、推廣行銷、客戶款項代收等服務
468,風色幻想,電玩遊戲軟體等商品
469,NEXT,衣服、鞋襪等商品
470,雨傘王UmbrellaKing,旅行袋、皮夾、購物袋、洋傘、自動傘、傘套、拐杖傘、遮陽傘、雨傘、傘骨、海灘傘、皮箱、鞋袋、高爾夫球傘、傘頭、傘柄、傘
471,旺旺,米果等商品
472,億光EVERLIGHT,LED等商品
473,TeamSUZUKI,汽、機車及其零組件等商品或有關服務
474,新寶珍,糕餅、蒜頭餅等相關商品及餅店服務
475,新寶珍餅舖,糕餅、蒜頭餅等相關商品及餅店服務
476,MARMOT,於登山用品及運動服飾商品
477,IHOME,多媒體揚聲器、耳機、手機配件等消費性電子產品
478,中華雲市集hicloudMall,雲端平台等服務
479,中華雲市集hicloudMall,雲端平台等服務
480,蘋果APPLE,電腦及其周邊產品等
481,APPLE,電腦及其周邊產品等
482,蘋果,電腦及其周邊產品等
483,APPLEPRESS,電腦及其周邊產品等
484,APPLE,電腦等商品
485,APPLELOGO,電腦等商品
486,蘋果,電腦等商品
487,APPLE,電腦等商品
488,APPLELOGO,電腦等商品
489,蘋果,電腦等商品
490,GREE格力Stylized&Device,空調器等電器商品
491,松柏嶺受天宮,道教各種法會科儀服務
492,ibon,彩色影印機、資料讀取機等商品及便利商店、郵購、款項代收、保險資訊、娛樂票務代理服務等服務
493,ibon體,彩色影印機、資料讀取機等商品及便利商店、郵購、款項代收、保險資訊、娛樂票務代理服務等服務
494,APPLE,電腦等商品
495,APPLELOGO,電腦等商品
496,蘋果,電腦等商品
497,GGMIGNONDEVICE,衣服、靴、鞋、書包、手提袋、旅行袋、皮夾、人造皮、人造皮革（仿皮革），真皮、獸皮、軟皮革、毛皮、皮革製成之帶
498,GGlogo,衣服、童裝等
499,GGDEVICE,衣服
500,adidas&-stripedevice,衣服等商品
501,adidasVersionstylizedwordmark,衣服等商品
502,NuBra,胸罩，睡衣褲，罩杯，胸罩襯墊，背心，毛衣，襯衫，Ｔ恤，內衣褲，泳裝，西裝，禮服，休閒服，大衣，外套，披肩，運動服，新娘服，女裝，婚紗。
503,NuBra,胸罩，睡衣褲，罩杯，胸罩襯墊，背心，毛衣，襯衫，Ｔ恤，內衣褲，泳裝，西裝，禮服，休閒服，大衣，外套，披肩，運動服，新娘服，女裝，婚紗。
504,APPLE,電腦等商品
505,APPLELOGO,電腦等商品
506,蘋果,電腦等商品
507,好市多,超級巿場、百貨公司、型錄購物、網購、郵購及各種商品零售服務
508,REDGREENSTRIPEdevice,眼鏡及其組件等
509,GG,眼鏡及其組件等
510,GUCCIOG,眼鏡及其組件等
511,GUCCIOGUCCI,眼鏡及其組件等
512,GUCCI,眼鏡及其組件等
513,GG18Logo,眼鏡及其組件等
514,湯悅TaianTangyue,休閒渡假溫泉會館
515,ACURA,汽車商品
516,CAMUS,酒類等商品
517,BENTLEY,汽車及其零組件等商品
518,ACURA,汽車等商品
519,CAMUS,酒等商品
520,香奈兒,化妝品等商品及化妝品零售服務
521,EPSON,電腦、音響等商品
522,AppleLogo,電腦等商品
523,ＬＥＧＯ,組合玩具、積木等商品
524,EPSON,電腦等商品
525,AppleLogo,螢幕保護貼等商品
526,POPEYE,漫畫、卡通、衣服、手提袋、寢具等商品或服務
527,POPEYE,漫畫等商品
528,JADORE,香水、淡香水等商品
529,KSS,金屬五金及其零組件相關商品
530,KSS,金屬五金及其零組件相關商品
531,凱士士KSS,金屬五金及其零組件相關商品
532,STARLogo,電視播送、表演節目製作等影音娛樂服務
533,STAR&Logo,電視播送、表演節目製作等影音娛樂服務
534,CroppedBoxLogo,電視播送、表演節目製作等影音娛樂服務
535,STARwithCroppedBoxLogo,電視播送、表演節目製作等影音娛樂服務
536,STARMOVIESLOGO,電視播送、表演節目製作等影音娛樂服務
537,JADORE,香水等商品
538,jadore,香水等商品
539,STARLogo,影音娛樂等服務
540,STAR&Logo,影音娛樂等服務
541,CroppedBoxLogo,影音娛樂等服務
542,STARwithCroppedBoxLogo,影音娛樂等服務
543,STARMOVIESLOGO,影音娛樂等服務
544,STARTV&Logo,影音娛樂等服務
545,STARWORLDwithCroppedBoxLogo,影音娛樂等服務
546,STARWORLDwithcircle,影音娛樂等服務
547,STARWORLDwithLogo,影音娛樂等服務
548,STARWORLD,影音娛樂等服務
549,雅方,冰品、冷凍食品等商品
550,JADORE,香水等商品
551,jadore,香水等商品
552,COCO,香水等商品
553,MACANNA,鞋靴皮件等商品
554,HOPPECKE,蓄電池及供電(能)系統等商品
555,HOPPECKEanddevice,蓄電池及供電(能)系統等商品
556,CATHAYPACIFIC,運輸、貨運及旅遊等相關服務
557,COCO,香水等商品
558,CIRCLEDEVICE,電梯及電扶梯等商品及安裝等相關服務
559,CORNING,強化玻璃、柴油顆粒濾清器、光纖傳輸線等商品
560,康寧,強化玻璃、柴油顆粒濾清器、光纖傳輸線等商品
561,御茶園,茶飲料等相關商品
562,TopFORMULA-1andDesign,汽車潤滑油、汽車養護品及添加劑等商品
563,SWATCH,鐘錶、貴金屬及其合金等商品
564,ROCKSTAR,提神飲料商品
565,ROCKSTARENERGYDRINK,提神飲料商品
566,五星雙R,提神飲料商品
567,SWATCH,鐘錶等商品
568,CUIREPIfigurative,皮革及人造皮；旅行袋，行李箱，旅行用皮夾，旅行用皮件，皮箱，手提行李箱，保護衣服用之攜帶提袋，不含化𧬺用品之化𧬺箱，背囊，附肩袋之女用手提包，手提袋，公事箱，公事包，錢囊，口袋型皮夾，小錢包，鑰匙包，信用卡用皮夾，支票簿用皮夾，支票簿皮夾，手拿式文件包，雨傘
569,adidasVersionstylizedwordmark,各種衣服等
570,APPLE,電腦等商品
571,APPLE蘋果,電腦等商品
572,蘋果,電腦等商品
573,APPLE,電腦等商品
574,APPLELOGO,電腦等商品
575,蘋果,電腦等商品
576,APPLE,電腦等商品
577,APPLELOGO,電腦等商品
578,蘋果,電腦等商品
579,御茶園,茶飲料等商品
580,CORNING,行動裝置等商品
581,康寧,行動裝置等商品
582,JADORE,香水等商品
583,jadore,香水等商品
584,APPLE,電腦等商品
585,APPLELOGO,電腦等商品
586,蘋果,電腦等商品
587,MOD中華電信,供電腦資訊或電子郵件及信息之傳送服務，資訊及新聞傳送之電信服務等
588,Nstylized,男、女及孩童鞋靴、襪子及衣服。
589,蘋果APPLE,計算機
590,APPLELogo,為客戶提供軟體系統之設計服務
591,蘋果APPLE,為客戶提供軟體系統之設計服務、電腦機件之修繕及維護服務
592,國立政治大學政大,知識傳授等商品或服務
593,政大,知識傳授等商品或服務
594,政大,知識傳授等商品或服務
595,CHANEL,行動電話保護盒及保護套等商品
596,VolezVoguezVoyagezavecdesvalisesLOUISVUITTON,旅行袋、背包、手提包、購物袋、書包等
597,日月光,半導體相關產業之商品或服務
598,QQ,即時通訊軟體等相關服務
599,TOTAL,潤滑油及燃料之化學添加劑等商品
600,TOTAL+LogoEnergieincolours,潤滑油及燃料之化學添加劑等商品
601,GORILLA,特殊強化玻璃等商品
602,CORNINGGORILLAGLASSNBT,特殊強化玻璃等商品
603,光陽,機車、活塞等商品
604,K,燈泡、帽燈等，割草機等，汽車及其零組件等
605,TOTAL,石油天然氣等服務
606,TOTAL+LogoEnergieincolours,石油天然氣等服務
607,CORNING,行動裝置等商品
608,康寧,行動裝置等商品
609,CORNING,行動裝置等商品
610,康寧,行動裝置等商品
611,小磨坊,辛香料等商品
612,紅色樹莓,電腦、記憶體等相關商品
613,RASPBERRYPI,電腦、記憶體等相關商品
614,樹莓派,電腦、記憶體等相關商品
615,GS,電池、蓄電池等商品
616,GS,電池、蓄電池等商品
617,NHK,廣播電視節目之服務
618,APPLE,電腦等商品
619,APPLELOGO,電腦等商品
620,蘋果,電腦等商品
621,RasperryPie,電腦等商品
622,樹莓派,電腦等商品
623,DIOR,化妝品、香水等商品
624,迪奧,化妝品、香水等商品
625,K,機車、機車零組件等商品或服務
626,德泰,彈簧床等商品
627,TEHTAI,彈簧床等商品
628,德泰,彈簧床等商品
629,阿明師,糕餅類商品
630,OSRAM,照明燈具及燈泡等商品
631,DIESEL,牛仔褲、服裝、鞋子、手鐲、皮包等商品
632,VANS,鞋子等商品
633,adidas+3stripesdevice,運動用衣服、靴鞋、手提袋、運動用球等商品
634,adidas+EQUIPMENT+device,運動用衣服、靴鞋、手提袋、運動用球等商品
635,adidas,運動用衣服、靴鞋、手提袋、運動用球等商品
636,CAMPER,皮件、靴鞋等商品
637,CSBC,造船工程設計等，海運運輸等，造船等，船舶零售及船舶零件配備零售等，船舶及其零組件等
638,RIMOWA,行李箱等商品
639,N°5,服裝等商品
640,VENDOMEAOYAMA,珠寶、首飾等商品
641,LOUISXIII,酒類商品
642,F1FORMULA1Logo,工業用油及油脂等
643,STARLogo,影音娛樂等服務
644,STAR&Logo,影音娛樂等服務
645,CroppedBoxLogo,影音娛樂等服務
646,STARwithCroppedBoxLogo,影音娛樂等服務
647,STARMOVIESLOGO,影音娛樂等服務
648,STARTV&Logo,影音娛樂等服務
649,STARWORLDwithCroppedBoxLogo,影音娛樂等服務
650,STARWORLDwithcircle,影音娛樂等服務
651,STARWORLDwithLogo,影音娛樂等服務
652,STARWORLD,影音娛樂等服務
653,STARLogo,影音娛樂等服務
654,STAR&Logo,影音娛樂等服務
655,CroppedBoxLogo,影音娛樂等服務
656,STARwithCroppedBoxLogo,影音娛樂等服務
657,STARMOVIESLOGO,影音娛樂等服務
658,STARTV&Logo,影音娛樂等服務
659,STARWORLDwithCroppedBoxLogo,影音娛樂等服務
660,STARWORLDwithcircle,影音娛樂等服務
661,STARWORLDwithLogo,影音娛樂等服務
662,STARWORLD,影音娛樂等服務
663,STARLogo,影音娛樂等服務
664,STAR&Logo,影音娛樂等服務
665,CroppedBoxLogo,影音娛樂等服務
666,STARwithCroppedBoxLogo,影音娛樂等服務
667,STARMOVIESLOGO,影音娛樂等服務
668,STARTV&Logo,影音娛樂等服務
669,STARWORLDwithCroppedBoxLogo,影音娛樂等服務
670,STARWORLDwithcircle,影音娛樂等服務
671,STARWORLDwithLogo,影音娛樂等服務
672,STARWORLD,影音娛樂等服務
673,FancifulDesignofCartoonCharactersDPF-1,旅行社業務，安排露營，遊覽，觀光旅行，冷熱飲料店，飲食店，小吃店，茶室，餐廳，咖啡廳，啤酒屋，酒吧；賓館，旅社，旅館。
674,POPEYEandDesign,靴鞋
675,ＰＯＰＥＹＥ,餐宿、安排觀光旅行等服務及衣服、靴鞋、書刊、玩具、光碟、食品...等商品
676,POPEYEDesign,靴鞋
677,AppleLogo,手機等商品
678,MOTOREX,潤滑油、機油商品
679,TWITTER,即時通訊、電信傳輸、廣告、社交等相關服務
680,中華,書籍、新聞雜誌、圖畫、照片等印刷商品
681,MOTOREX,潤滑油等商品
682,TWITTER,社交網路、網誌等服務
683,MOTOREX,潤滑油等商品
684,全聚德,烤鴨、豆漿、奶粉、豆花、食用油、果凍、牛肉乾、魚丸、肉類速食調理包。高湯、冷凍果蔬、糖漬果蔬、醬菜、滷蛋、果醬、雞精、豆乾。烤鴨。餐廳、旅館、養老院、空廚、會議室出租。餐廳。
685,OMEGA＋Ω,錶及其組件。
686,OMEGA+Ω,照相終點記錄機，測距機，數字顯示板，旋轉計分顯示板，計分顯示板，顯像矩陣看板，燈泡型矩陣顯示器，影像顯示器，電子廣告牌，發光二極體顯示器，液晶顯示器，電腦及計算機。
687,OMEGAART,錶及其組件。
688,OMEGADYNAMIC,鐘錶及其零組件；計時儀器。
689,歐米茄OMEGAinChinesecharacters,鐘錶及其他計時儀器。
690,H&M,服飾等商品及相關服務
691,H&MHOMEDevice,服飾等商品及相關服務
692,H＆MDeviceinred,服飾等商品及相關服務
693,RedBullEnergyDrink&Deviceincolor,提神飲料等商品
694,BULLstylized,無酒精飲料等商品
695,RedBull,礦泉水等商品
696,英國皇家愛樂,演奏音樂等服務
697,APPLELogo,電腦軟硬體及其周邊設備等商品
698,蘋果APPLE,電腦軟硬體及其周邊設備等商品
699,蘋果APPLE,電腦軟硬體及其周邊設備等商品
700,蘋果,電腦軟硬體及其周邊設備等商品
701,施華洛世奇,水晶、珠寶飾品等商品
702,施華洛世奇,水晶、珠寶飾品等商品
703,施華洛,水晶、珠寶飾品等商品
704,GoodARCH腳の眼鏡,足弓矯正器、足弓矯正器鞋組等相關商品
705,GOODARCH,足弓矯正器、足弓矯正器鞋組等相關商品
706,GoodARCH,足弓矯正器、足弓矯正器鞋組等相關商品
707,GoodARCH,足弓矯正器、足弓矯正器鞋組等相關商品
708,GOODARCH好足基,足弓矯正器、足弓矯正器鞋組等相關商品
709,腳の眼鏡GOODARCH,足弓矯正器、足弓矯正器鞋組等相關商品
710,腳の眼鏡GoodARCH,足弓矯正器、足弓矯正器鞋組等相關商品
711,悟,餐廳等服務
712,DFS,綜合性商品零售服務
713,VALENTINO,衣服、冠帽等商品
714,埃索ESSOINCHINESEPRONOUNCEDAI-SUO,機油等商品
715,CSCEC,房屋建築、國際工程外包等服務
716,埃索ESSOINCHINESEPRONOUNCEDAI-SUO,機油等商品
717,茶裏王,茶葉、茶飲料商品
718,茶裏王,茶葉、茶飲料商品
719,BATEMBLEM,電影片、漫畫書、衣服、運動遊戲器具等商品
720,STARWORLD,電視播送、表演節目製作等影音娛樂服務
721,STARwithCroppedBoxLogo,電視播送、表演節目製作等影音娛樂服務
722,StarTV＆LOGO,電視播送、表演節目製作等影音娛樂服務
723,STAR＆LOGO,電視播送、表演節目製作等影音娛樂服務
724,STARMOVIESLOGO,電視播送、表演節目製作等影音娛樂服務
725,STARWORLDwithLogo,電視播送、表演節目製作等影音娛樂服務
726,日盛,股票買賣業務及金融證券商等業務
727,新日盛,股票買賣業務及金融證券商等業務
728,日盛,股票買賣業務及金融證券商等業務
729,新日盛,股票買賣業務及金融證券商等業務
730,旭硝子,玻璃基板商品
731,AMD,處理器與晶片等產品
732,ALBA,鐘錶商品
733,TT,面膜、化粧品、保養品及其相關商品
734,POPEYE,漫畫、卡通等商品
735,POPEYEandDesign,漫畫、卡通等商品
736,virbac,動物用藥品、醫用飼料添加劑、消毒劑、殺菌劑等相關商品
737,MIUMIUStylized,男裝，女裝，童裝，外套，雨衣，背心，寬鬆上衣，套頭衣，夾克，褲子，裙子，洋裝，套裝，襯衫，女貼身襯衣，Ｔ恤，毛衣，內衣，短襪，長襪，服飾用禦寒用手套，領帶，圍巾，冠帽，服飾用皮帶，靴，鞋，拖鞋
738,EVERLIGHT,LED燈等相關產品
739,Tiffany,珠寶、鑽石、首飾、鐘錶、飾品、香水、絲用等精品
740,Tiffany,珠寶、鑽石、首飾、鐘錶、飾品、香水、絲用等精品
741,Tiffany,珠寶、鑽石、首飾、鐘錶、飾品、香水、絲用等精品
742,ManchesterUnitedCrestDeviceMark,DVD光碟、T恤、夾克、帽子、貼紙、旗子、明信片、襪子等商品
743,LINE,即時通訊軟體等商品/服務
744,OSCARandStatuette,電影片、錄影帶、唱片及錄音帶之製作及發行服務；電台及電視育樂節目之策劃及製作服務；有關電影片頒獎典禮之現場表演節目及電視節目之策劃及製作；舉辦電影戲劇展覽；舉辦對電影工業有特殊成就者之頒獎活動等服務
745,OSCAR,電影片、錄影帶、唱片及錄音帶之製作及發行服務；電台及電視育樂節目之策劃及製作服務；有關電影片頒獎典禮之現場表演節目及電視節目之策劃及製作；舉辦電影戲劇展覽；舉辦對電影工業有特殊成就者之頒獎活動等服務
746,奧斯卡OSCARinChineseCharacters,電影片、錄影帶、唱片及錄音帶之製作及發行服務；電台及電視育樂節目之策劃及製作服務；有關電影片頒獎典禮之現場表演節目及電視節目之策劃及製作；舉辦電影戲劇展覽；舉辦對電影工業有特殊成就者之頒獎活動等服務
747,TAIPEI101,百貨公司及購物中心等相關服務
748,台北101,百貨公司及購物中心等相關服務
749,TAIPEI101,百貨公司及購物中心等相關服務
750,台北101,百貨公司及購物中心等相關服務
751,TTL台酒生技,酒、食品、營養補充品、化粧品等商品
752,TTL,酒、食品、營養補充品、化粧品等商品
753,TTL台灣菸酒,酒、食品、營養補充品、化粧品等商品
754,龍鳳,冷凍水餃等冷凍食品
755,SIMILAC,醫療用營養補充劑、醫用營養品、兒童營養補充品、嬰兒奶粉、嬰兒食品罐頭、乳粉、乳水、牛奶製品等商品
756,SIMILAC,醫療用營養補充劑、醫用營養品、兒童營養補充品、嬰兒奶粉、嬰兒食品罐頭、乳粉、乳水、牛奶製品等商品
757,YOOX,化妝品，香水，清潔亮光劑，去污劑，研磨劑，人體和非人體用肥皂，香精油，髮水，牙粉，牙膏等商品或服務
758,LOUISXIII,酒類商品
759,CORNING,特殊強化玻璃等商品
760,康寧,特殊強化玻璃等商品
761,中華郵政,郵政等相關商品及服務
762,中華郵政郵徽圖,郵政等相關商品及服務
763,中華郵政,郵政等相關商品及服務
764,中華郵政郵徽圖,郵政等相關商品及服務
765,快樂兒童餐HappyMealinChinsese,速食餐飲商品及速食餐廳服務
766,春水堂,結合專賣茶飲、茶食、餐點、茶葉、茶具等之喫茶店
767,VOTIVO,香氛蠟燭、香氛噴霧、擴香瓶等香氛商品
768,VOTIVOV字雙箭頭,香氛蠟燭、香氛噴霧、擴香瓶等香氛商品
769,HOYA,眼鏡鏡片商品
770,HOYANEWLOGO,眼鏡鏡片商品
771,卡地亞,珠寶、鐘錶商品
772,ICEBERG,服裝商品
773,TEXASRANGERS,電視播送、表演節目製作等影視娛樂服務
774,adidas,服飾商品
775,PUMA,服飾商品
776,支付宝,第三方網上支付平台服務
777,BOSS,服飾、皮件及流行配件等相關商品或服務
778,COCO,香水、化粧品及皮件等商品
779,COCO,香水、化粧品及皮件等商品
780,H環圈,項鍊、耳環等
781,HERMES馬車,項鍊、耳環等
782,GUCCI,項鍊等
783,雙G,項鍊等
784,雙G組合,手鐲、戒子等
785,Dior,耳環等
786,adidasVersionstylizedwordmark,各種衣服等商品
787,MICKEYMOUSE&Device,玩具、流行服飾配件、家居用品、文具、食品、寵物用品、消費性電子產品、書籍、電影片、錄影帶、錄音帶、唱片、出版品、遊戲軟體、遊樂園、迪士尼電視頻道之米奇妙妙屋節目等商品及服務
788,MICKEYMOUSE&Device,玩具、流行服飾配件、家居用品、文具、食品、寵物用品、消費性電子產品、書籍、電影片、錄影帶、錄音帶、唱片、出版品、遊戲軟體、遊樂園、迪士尼電視頻道之米奇妙妙屋節目等商品及服務
789,日盛,股票買賣業務及金融證券商等業務
790,新日盛,股票買賣業務及金融證券商等業務
791,TutorABC,線上美語教學
792,A8,汽車等相關商品或服務
793,台塑,塑膠、石化、生物科技等商品及其教育和醫療服務
794,jadore,香水、淡香水等商品
795,jadore,香水、淡香水等商品
796,jadore,香水、淡香水等商品
797,BURBERRY,衣服、鞋子等服飾商品
798,日盛,股票買賣業務及證券商業務
799,新日盛,股票買賣業務及證券商業務
800,日盛,股票買賣業務及證券商業務
801,新日盛,股票買賣業務及證券商業務
802,NEXT,男裝，女裝，童裝，運動服，休閒服，泳裝
803,nextlogo,男女服裝、運動服、休閒服、童裝、泳裝
804,中華郵政,郵政等相關商品及服務
805,中華郵政郵徽圖,郵政等相關商品及服務
806,DoubleBullDevice,能量飲料商品
807,REDBULL,能量飲料等商品
808,DoubleBullDevice,能量飲料等商品
809,皇冠,皮包、手提包等商品
810,ESPRIQUE,粉底霜、化妝品等商品
811,海角七號,電影片
812,中華雲市集hicloudMall,於開放式雲端應用交易平台，提供軟體開發商網路平台使用及維護、上架產品測試、推廣行銷、客戶款項代收等服務
813,BURBERRY,手錶、時鐘及鐘錶零組件；仿製珠寶；貴金屬製品，即指珠寶、領帶夾、袖扣、珠寶裝飾品、胸針、煙灰缸、盤子、雕像
814,BURBERRY,有關衣服、靴鞋、帽子、頭巾、手提包、皮箱、香水、裝飾品、傘、手錶、珠寶、家庭用品、蠟燭、禮品、眼鏡、化妝品、手機套、個人音響架及皮革製品即皮袋、皮帶、衣服、個人收納盒、日記套之零售服務
815,BURBERRY,手錶、時鐘及鐘錶零組件，腕表、錶帶、表鐲及懷錶，珠寶，仿製珠寶，領帶夾及袖扣
816,EquestrianKnightDevice,手錶、時鐘及鐘錶零組件，腕表、錶帶、表鐲及懷錶，珠寶，仿製珠寶，領帶夾及袖扣
817,BurberryCheck,手錶、時鐘及鐘錶零組件，腕表、錶帶、手鐲表及懷錶，珠寶，仿製珠寶，領帶夾及袖扣
818,哈佛大學科學院,企業研究服務；企業經營管理諮詢顧問服務
819,哈佛,教育服務，即提供：在校生、畢業生、研究生及博士程度之教育服務及訓練；提供有關入學許可資訊，學術及其研究計畫資訊，出版資訊，體育資訊，職業訓練資訊
820,哈佛商業評論中文版HARVARDBUSINESSREVIEWINCLASSICCHINESESCRIPT,印刷出版品、雜誌、教育書刊、指南、書籍、簡訊及有關商業、時事及政治之雜誌；紙製錦旗、紙製三角錦旗、海報、轉印紙、書籤、桌上型記事簿、拆信刀、活頁夾、便簽、筆記簿、筆、鉛筆、鉛筆筒及筆筒、書寫用紙、名片夾、貼紙、包裝用紙製封套、紙製包裝袋、塑膠製包裝袋及包裝用塑膠膜
821,ChiaraFerragniCHIARAFERRAGNI,服飾、靴鞋、皮包等相關配件商品
822,假日飯店HOLIDAYINNPRONOUNCEDJIARIFANDIAN,飯店服務
823,HOLIDAYINNEXPRESSLOGO,飯店服務
824,HOLIDAYINN,飯店服務
825,HOLIDAYINN,飯店服務
826,H[LOGO]WITHHOLIDAYINNEXPRESSINCHINESECHARACTERS,飯店服務
827,Hlogoinblackandwhite,飯店服務
828,BIOEFFECT,護膚等商品或服務
829,APPLE,電腦軟硬體及其周邊設備等商品或服務
830,APPLELOGO,電腦軟硬體及其周邊設備等商品或服務
831,蘋果,電腦軟硬體及其周邊設備等商品或服務
832,蘋果APPLE,電腦軟硬體及其周邊設備等商品或服務
833,APPLE,電腦軟硬體及其周邊設備等相關商品/服務
834,APPLELOGO,電腦軟硬體及其周邊設備等相關商品/服務
835,蘋果,電腦軟硬體及其周邊設備等相關商品/服務
836,蘋果APPLE,電腦軟硬體及其周邊設備等相關商品/服務
837,中華雲市集hicloudMall,雲端應用平台等服務
838,BOSS,服飾、皮件及流行配件等相關商品或服務
839,NIVEA,人體用潤膚、防曬乳液等化粧品、防曬產品
840,GS,電池、蓄電池等商品
841,GSLogo,電池、蓄電池等商品
842,GS&Device,電池、蓄電池等商品
843,APPLE,電腦軟硬體及其周邊設備等相關商品/服務
844,APPLELOGO,電腦軟硬體及其周邊設備等相關商品/服務
845,蘋果,電腦軟硬體及其周邊設備等相關商品/服務
846,蘋果APPLE,電腦軟硬體及其周邊設備等相關商品/服務
847,卡地亞,珠寶、鐘錶商品
848,momo,電視購物、網路購物及型錄購物等相關服務
849,momo,電視購物、網路購物及型錄購物等相關服務
850,LEGO,玩具等商品
851,樂高,玩具等商品
852,CUIREPIfigurative,皮革及人造皮；旅行袋，行李箱，旅行用皮夾，旅行用皮件，皮箱，手提行李箱，保護衣服用之攜帶提袋，不含化粧用品之化粧箱，背囊，附肩袋之女用手提包，手提袋，公事箱，公事包，錢囊，口袋型皮夾，小錢包，鑰匙包，信用卡用皮夾，支票簿用皮夾，支票簿皮夾，手拿式文件包，雨傘
853,TAIPEI101,百貨公司及購物中心等相關服務
854,台北101,百貨公司及購物中心等相關服務
855,MILKA,巧克力商品
856,歐舒丹,化妝品等相關商品
857,MAKERBOT,製作3D立體形狀之印表機
858,MAKERBOT,製作3D立體形狀之印表機
859,MILKA,巧克力商品
860,旺旺,米果等商品
861,Carrefour&Logo,電視機、電唱機、收音機、錄音機、電話機、傳真機、天線、濾波器、映像管、晶片、半導體、積體電路、耳機、頭戴收話器、電視放大鏡、電視機濾光網片、電視電腦護目網、無線電呼叫器、聲音收錄複製傳送器、無線電接收發送器、無線電接收器、無線電傳輸器、無線電傳送接收組合器、電視接收器、電視接收及無線電波傳輸組合器、視頻傳送機及電視接收器、閉路電視機、手握式無線電發報機及收報機、喇叭、麥克風、行動電話、汽車用無線電對講機、汽車用無線電收發器
862,家樂福,船舶及其零組件；飛機及其零組件；軌道車輛及其零組件；自行車及其零組件；汽、機車及其零組件；水上摩托車；汽車椅套、車蓬、手把套、方向盤套、貨車帳蓬、汽機車蓬套；降落傘；輪胎、內胎、外胎、補胎膠片、胎面帶（環）；車輛用平面膠帶、輸送膠帶（皮帶）、傳動膠帶（皮帶）；纜車；手推車、嬰兒車；獸力車輛；車輛用防盜警報器；堆高機、棧板車、托板車
863,多多,乳酸菌飲料等相關飲料商品
864,春水堂,結合專賣茶飲、茶食、餐點、茶葉、茶具等之喫茶店
865,STUDIOA,販售3C商品及提供相關商品之維修服務
866,STUDIOA,販售3C商品及提供相關商品之維修服務
867,D,表彰球隊及其周邊商品及相關服務
868,CROWNTOWERS,飯店、休閒娛樂等服務
869,CROWN,飯店、休閒娛樂等服務
870,CROWNDevice,飯店、休閒娛樂等服務
871,好市多,「綜合性商品零售」服務
872,日盛,股票買賣業務及證券商業務相關事業
873,新日盛,股票買賣業務及證券商業務相關事業
874,御茶園,茶飲料等商品
875,御茶園,茶飲料等商品
876,御茶園,茶飲料等商品
877,松柏嶺受天宮,籌劃宗教集會、代辦法會服務
878,御茶園,茶飲料等商品
879,御茶園,茶飲料等商品
880,御茶園,茶飲料等商品
881,jadore,香水、淡香水等商品
882,JADORE,香水、淡香水等商品
883,MasakiMatsushima,眼鏡及其組件、太陽眼鏡、眼鏡框、眼鏡盒等商品
884,ChristianDior,眼鏡及其組件、太陽眼鏡、眼鏡框、眼鏡盒等商品
885,PumaandjumpingPuma,眼鏡及其組件、太陽眼鏡、眼鏡框、眼鏡盒等商品
886,GUCCI,眼鏡及其組件、太陽眼鏡、眼鏡框、眼鏡盒等商品
887,雙G1,眼鏡及其組件、太陽眼鏡、眼鏡框、眼鏡盒等商品
888,雙G2,眼鏡及其組件、太陽眼鏡、眼鏡框、眼鏡盒等商品
889,綠紅綠三橫條色彩,眼鏡及其組件、太陽眼鏡、眼鏡框、眼鏡盒等商品
890,雙G,眼鏡及其組件、太陽眼鏡、眼鏡框、眼鏡盒等商品
891,PRADA,眼鏡及其組件、太陽眼鏡、眼鏡框、眼鏡盒等商品
892,CHANEL,眼鏡及其組件、太陽眼鏡、眼鏡框、眼鏡盒等商品
893,雙C,眼鏡及其組件、太陽眼鏡、眼鏡框、眼鏡盒等商品
894,BVLGARI,眼鏡及其組件、太陽眼鏡、眼鏡框、眼鏡盒等商品
895,BURBERRY,眼鏡及其組件、太陽眼鏡、眼鏡框、眼鏡盒等商品
896,Chloe,眼鏡及其組件、太陽眼鏡、眼鏡框、眼鏡盒等商品
897,BENTLEY,汽車及其零組件等商品或服務
898,DUCATI,船舶及其零組件；氣墊式車輛、飛機及其零組件；鐵軌列車及其零組件；汽車及其零組件；機車／自行車及其零組件，即：鏈輪、曲柄、空氣泵（自行車用泵）、車鈴、車座墊、車軸、車架、車輪輻、輪胎、鏈條、鏈條箱、內胎、擋泥板、車把手、車用行李箱、車輪轂、自行車把手、飛輪、車骨架、車踏板、前支叉、輪圈、車胎、車內胎；輪椅；貨物用纜線運輪機；車輛用馬達（非電動者）及其零組件，即：內燃機、蒸氣引擎、噴射引擎；車輛用機器組件，即：軸心／輪軸／主軸，軸頸，聯軸／軸連結器，軸承；動力傳送器；吸震器；彈簧；剎車器；車輛用交流電馬達／直流電馬達；修理內胎／輪胎用黏性橡膠補片；車輛用防盜警報器
899,APPLE,電腦、電腦軟體及其相關產品與服務
900,APPLELOGO,電腦、電腦軟體及其相關產品與服務
901,蘋果,電腦、電腦軟體及其相關產品與服務
902,蘋果APPLE,電腦、電腦軟體及其相關產品與服務
903,JURASSICPARKandDESIGN,電影片
904,STUDIOA,販售3C 商品及提供相關商品之維修服務
905,STUDIOA,販售3C 商品及提供相關商品之維修服務
906,Vlogo,眼鏡及其組件
907,Vlogo,傘
908,Vlogo,衣服、冠帽、領帶、拉鍊、皮件、旅行袋、傘具、床墊、枕、蓆、窗簾、家具、餐具、眼鏡、鐘錶及化粧品等商品
909,GGDEVICE,香水、面霜、化妝品、衣服、冠帽、領帶、靴鞋、皮夾、傘等商品
910,GGlogo,香水、面霜、化妝品、衣服、冠帽、領帶、靴鞋、皮夾、傘等商品
911,諾得HCNORITLE,膠囊、胃腸藥等商品及其相關服務
912,諾得,膠囊、胃腸藥等商品及其相關服務
913,AQUAGEN,人體用肥皂，香皂，香水，化粧品，清潔乳液，髮油，護髮劑，面霜，化粧水，化粧棉，潤膚油，香精油，洗髮精，潤髮乳，燙髮液，染髮劑，牙膏，按摩霜，去角質霜，敷面膜
914,格雷的五十道陰影,電影片、書籍等商品
915,APPLE,電腦軟硬體及其周邊設備等商品或服務
916,APPLELOGO,電腦軟硬體及其周邊設備等商品或服務
917,蘋果,電腦軟硬體及其周邊設備等商品或服務
918,APPLE蘋果,電腦軟硬體及其周邊設備等商品或服務
919,REDBULL,能量飲料等商品
920,DoubleBullDevice,能量飲料等商品
921,REDBULL,能量飲料等商品
922,DoubleBullDevice,能量飲料等商品
923,GGDEVICE,香水、面霜、化妝品、衣服、冠帽、領帶、靴鞋、皮夾、傘等商品
924,GGlogo,香水、面霜、化妝品、衣服、冠帽、領帶、靴鞋、皮夾、傘等商品
925,阿凡達Avatar,電影片
926,ROMEROBRITTO,藝術創作服務及所產製藝術品
927,BRITTO,藝術創作服務及所產製藝術品
928,N°5,香水等商品
929,N°5,香水等商品
930,RENOWN,襪類、衣服等商品
931,THERMOS,保溫瓶( 杯)、燜燒鍋等商品
932,F1FORMULA1PLUSDEVICE,舉辦賽車活動及促銷相關賽車活動等商品或服務
933,FFORMULA1,舉辦賽車活動及促銷相關賽車活動等商品或服務
934,FFormula1,舉辦賽車活動及促銷相關賽車活動等商品或服務
935,VISA,發行信用卡服務及藉由特約卡（折扣卡）之使用來促銷他人服務及商品等相關金融服務
936,KAWASAKI,車輛、機械、工程建設等商品或有關服務
937,APPLE,電腦軟硬體及其周邊設備等商品或服務
938,APPLELOGO,電腦軟硬體及其周邊設備等商品或服務
939,蘋果Apple,電腦軟硬體及其周邊設備等商品或服務
940,PRDEVICE,香水商品
941,F1,衣服、服飾配件等周邊商品
942,F1FORMULA1PLUSDEVICE,衣服、服飾配件等周邊商品
943,form-stripStripes,靴、鞋、運動鞋
944,FormstripDevice,靴鞋、運動鞋
945,7-ElevenandDesignincolor,超級市場、百貨公司、便利商店、超級商店
946,呷七碗,油飯商品及相關餐飲服務
947,LANDROVER,陸上交通工具等商品
948,RANGEROVER,陸上交通工具等商品
949,Facebook,社群網站服務
950,FacebookLogo,社群網站服務
951,CHANEL,香水、化妝品、服飾、手錶、眼鏡、皮包等商品
952,香奈兒,香水、化妝品、服飾、手錶、眼鏡、皮包等商品
953,日盛,股票買賣業務之服務
954,日盛,股票買賣業務之服務
955,4Gdevice,香皂、香水、古龍水及淡香水、保養品、化妝品、人體用除臭劑、沐浴膠、洗髮精、沐浴鹽、潔膚霜、化妝水
956,4Gdevice,香皂、香水、古龍水及淡香水、保養品、化妝品、人體用除臭劑、沐浴膠、洗髮精、沐浴鹽、潔膚霜、化妝水
957,form-stripStripes,靴鞋等商品
958,FormstripDevice,靴鞋等商品
959,霍普金斯Hopkins,以醫學及生物科學聞名於國際
960,REEBOK,靴鞋、帽子、衣服等商品
961,茶裏王,茶葉、茶飲料商品
962,雙U或W外文,高爾夫球服飾及相關用品
963,呷七碗,油飯商品及相關餐飲服務
964,呷七碗,油飯商品及相關餐飲服務
965,呷七碗,油飯商品及相關餐飲服務
966,呷七碗,油飯商品及相關餐飲服務
967,M.U.SPORTS,高爾夫球服飾及相關用品
968,M.U.,高爾夫球服飾及相關用品
969,全聚德,「烤鴨」商品、「餐廳」服務
970,QuanJuDer,「烤鴨」商品、「餐廳」服務
971,QJD,「烤鴨」商品、「餐廳」服務
972,全聚德,「烤鴨」商品、「餐廳」服務
973,QuanJuDer,「烤鴨」商品、「餐廳」服務
974,QJD,「烤鴨」商品、「餐廳」服務
975,TTL,酒、食品、營養補充品、化粧品等商品
976,TTL台灣菸酒,酒、食品、營養補充品、化粧品等商品
977,TTL台酒生技,酒、食品、營養補充品、化粧品等商品
978,EINK,含有電泳顯示材料、電敏材料、或微機械裝置懸浮液之平板電子視覺顯示器（可改變顏色或光學特性以供使用於手持裝置、電子裝置、機械、看板、信用卡、紡織品、紙製品、橡膠製品、皮革製品、含金屬或塑膠製品、及其他可添加懸浮液之材料及物品）
979,EINK,用於可改變顏色或光學特性以供使用於視覺顯示器之含有電泳顯示材料、電敏材料或微機械裝置之懸浮液
980,AQUAGEN,人體用肥皂，香皂，香水，化妝品，清潔乳液，髮油，護髮劑，面霜，化𧬺水，化𧬺棉，潤膚油，香精油，洗髮精，潤髮乳，燙髮液，染髮劑，牙膏，按摩霜，去角質霜，敷面膜
981,PUCCI,衣服、服飾配件等相關商品
982,EMILIOPUCCI,衣服、服飾配件等相關商品
983,VOTIVO,香氛蠟燭、香氛噴霧、擴香瓶等香氛商品
984,VOTIVOV字雙箭頭,香氛蠟燭、香氛噴霧、擴香瓶等香氛商品
985,八方雲集,鍋貼水餃專賣店等相關服務
986,八方雲集,鍋貼水餃專賣店等相關服務
987,WHITTARD,茶葉、即溶茶包、茶具等商品
988,好市多,「綜合性商品零售」服務
989,ALEXANDERMcQUEEN,服飾商品、與服飾搭配之皮包、背包、行李箱等相關商品
990,F1,賽車比賽及包括相關活動之帽子、衣服、紀念幣、海報、卡片等商品
991,F1FORMULA1PLUSDEVICE,賽車比賽及包括相關活動之帽子、衣服、紀念幣、海報、卡片等商品
992,APPLE,電腦相關產品
993,APPLELogo,電腦相關產品
994,KUGA,汽車商品
995,4Gdevice,服裝、香水、彩妝、保養品、皮件、靴鞋等商品
996,4Gdevice,服裝、香水、彩妝、保養品、皮件、靴鞋等商品
997,KUGA,汽車商品
998,LOUISXIII,酒類商品
999,金門,各種酒類之「高粱酒」
1000,金門高粱酒,各種酒類之「高粱酒」
1001,OMEGA+Ω,鐘錶及電子影像計時器等商品
1002,OMEGA+Ω,鐘錶及電子影像計時器等商品
1003,媽媽嘴mommouth,咖啡等商品及餐飲等服務
1004,EVERLIGHT,LED燈等相關商品
1005,H2O,各種服飾及其配件等相關商品
1006,OK,便利商店、超級商店等服務
1007,CYTEC,化學原料、塑料及橡膠等商品
1008,QQ,即時通訊軟體等相關服務
1009,APPLE,電腦、電腦軟硬體及其相關產品與服務
1010,蘋果,電腦、電腦軟硬體及其相關產品與服務
1011,APPLELOGO,電腦、電腦軟硬體及其相關產品與服務
1012,日盛,股票買賣業務及證券商業務
1013,新日盛,股票買賣業務及證券商業務
1014,日盛,股票買賣業務及證券商業務
1015,新日盛,股票買賣業務及證券商業務
1016,Deviceincolor,瓦楞紙箱機械設備及其安裝維修服務
1017,LOUISXIII,酒類商品
1018,呷七碗,油飯商品及相關餐飲服務
1019,呷七碗,油飯商品及相關餐飲服務
1020,日盛,股票買賣業務及證券商業務
1021,新日盛,股票買賣業務及證券商業務
1022,日盛,股票買賣業務及證券商業務
1023,新日盛,股票買賣業務及證券商業務
1024,日盛,股票買賣業務及證券商業務
1025,新日盛,股票買賣業務及證券商業務
1026,日盛,股票買賣業務及證券商業務
1027,新日盛,股票買賣業務及證券商業務
1028,日盛,金融服務
1029,新日盛,金融服務
1030,媽媽嘴mommouth,咖啡等商品及餐飲服務
1031,媽媽嘴mommouth,咖啡等商品及餐飲服務
1032,SWATCH,鐘錶等商品
1033,鱷魚,運動休閒服飾等相關商品
1034,LACOSTE鱷魚,運動休閒服飾等相關商品
1035,Lacoste&DEVICE,運動休閒服飾等相關商品
1036,CROCODILEDESIGN,運動休閒服飾等相關商品
1037,CROCODILE&DEVICE,運動休閒服飾等相關商品
1038,多那之,咖啡、蛋糕、麵包等商品及咖啡廳服務等商品或服務
1039,日盛,股票買賣業務之服務
1040,新日盛,證券商業務
1041,F1PLUSDEVICE,舉辦賽車活動及促銷相關賽車活動等商品或服務
1042,雙C,各種靴鞋等商品
1043,HONDA,各種汽、機車及其零組件商品等
1044,Eta-com,電力傳導、轉換、蓄積或調節用裝置及儀器，即匯流排（條），包括鑄型樹脂絕緣匯流排（條），相隔離式匯流排（條），金屬封閉匯流排（條）
1045,富蘭克林,基金等金融商品之投資服務，暨其他財務與投資之管理、顧問、分析、資訊等服務
1046,KMC,自行車鏈條等商品
1047,LV,皮或仿製皮製成之封袋、皮夾、小錢包、鑰匙包、零錢及鑰匙包、名片皮夾等
1048,LV,珠寶飾品等
1049,MonogramCanvas,皮夾、零錢包、皮革製鑰匙包、珠寶、首飾、小飾物等
1050,黑熊,輪胎及相關商品
1051,台灣黑熊,輪胎及相關商品
1052,帝克TEAC,音響設備、黑膠唱盤等相關商品
1053,PRANA,戶外運動及瑜珈服飾/用品等商品
1054,TOTO,衛浴設備商品
1055,TIGER,萬金油、貼布等醫療保健商品
1056,虎體,萬金油、貼布等醫療保健商品
1057,虎標,萬金油、貼布等醫療保健商品
1058,APPLE,電腦軟硬體及其周邊設備等商品/服務
1059,APPLELOGO,電腦軟硬體及其周邊設備等商品/服務
1060,蘋果,電腦軟硬體及其周邊設備等商品/服務
1061,LOUISXIII,酒類商品
1062,路易十三,酒類商品
1063,大益,普洱茶等商品
1064,ADIDAS,各種衣服等商品
1065,美粒果,飲料類商品
1066,LOUISXIII,酒類等商品
1067,JADORE,香水、淡香水等商品
1068,JADORE,香水、淡香水等商品
1069,CAVES,書籍、雜誌、文獻等出版業務之相關服務，以及從英文書籍銷售到英文雜誌發行、英文教學等多元化經營服務
1070,敦煌CAVES,書籍、雜誌、文獻等出版業務之相關服務，以及從英文書籍銷售到英文雜誌發行、英文教學等多元化經營服務
1071,敦煌書局CAVESBOOKS,書籍、雜誌、文獻等出版業務之相關服務，以及從英文書籍銷售到英文雜誌發行、英文教學等多元化經營服務
1072,VALENTINO,衣服、冠帽、腰帶、皮包、手套、襪子等商品
1073,BUD,啤酒商品
1074,BUDWEISER,啤酒商品
1075,lecoqsportif&device,運動服等相關運動用品
1076,lecoqsportif及雞圖,運動服等相關運動用品
1077,來一客橫式,速食麵商品
1078,來一客直式,速食麵商品
1079,DesignFinaBox,社群網站服務
1080,FandDesignNew,社群網站服務
1081,APPLELOGO,電腦週邊產品、電腦軟體、網路、多媒體影音設備及其相關服務
1082,APPLE蘋果,電腦週邊產品、電腦軟體、網路、多媒體影音設備及其相關服務
1083,蘋果,電腦週邊產品、電腦軟體、網路、多媒體影音設備及其相關服務
1084,雙C,衣服
1085,APPLE蘋果,電腦週邊產品、電腦軟體、網路、多媒體影音設備及其相關服務
1086,APPLELOGO,電腦週邊產品、電腦軟體、網路、多媒體影音設備及其相關服務
1087,養樂多,食品、飲料等商品及相關服務
1088,9-SQUARECORPORATESYMBOL,寵物食品等商品
1089,PURINA&9-squarecheckerboardcol,寵物食品等商品
1090,寵優PURINAPURINA&9-squarecheckerboard&CHONGYOUinT.Chinesemean.petcaringpremiumcol,寵物食品等商品
1091,9-SQUARECORPORATESYMBOL,寵物食品等商品
1092,PURINA&9-squarecheckerboardcol,寵物食品等商品
1093,寵優PURINAPURINA&9-squarecheckerboard&CHONGYOUinT.Chinesemean.petcaringpremiumcol,寵物食品等商品
1094,9-SQUARECORPORATESYMBOL,寵物食品等商品
1095,PURINA&9-squarecheckerboardcol,寵物食品等商品
1096,寵優PURINAPURINA&9-squarecheckerboard&CHONGYOUinT.Chinesemean.petcaringpremiumcol,寵物食品等商品
1097,9-SQUARECORPORATESYMBOL,寵物食品等商品
1098,PURINA&9-squarecheckerboardcol,寵物食品等商品
1099,寵優PURINAPURINA&9-squarecheckerboard&CHONGYOUinT.Chinesemean.petcaringpremiumcol,寵物食品等商品
1100,SEIKO,鐘錶、計時儀器等相關商品
1101,ABSOLUT,烈酒類商品
1102,全聯,提供綜合性商品零售
1103,聯社,提供綜合性商品零售
1104,全聯福利中心,提供綜合性商品零售
1105,7-Eleven&Design+StripesDesignincolor,網路購物及多樣化商品零售等服務
1106,7NET,網路購物及多樣化商品零售等服務
1107,台灣啤酒TAIWANBEER,啤酒相關商品及服務
1108,台灣啤酒,啤酒相關商品及服務
1109,臺灣啤酒,啤酒相關商品及服務
1110,台灣啤酒TAIWANBEER,啤酒相關商品及服務
1111,台灣啤酒,啤酒相關商品及服務
1112,臺灣啤酒,啤酒相關商品及服務
1113,度小月,餐飲服務
1114,GUCCI,各種衣服、（票券用）皮夾、手提（箱）袋等商品
1115,LV,皮夾、（長）圍巾、小錢皮等商品
1116,KNOT,皮夾、手提（箱）袋等商品
1117,CHANEL,皮夾、錢包、圍巾、各種衣服等商品
1118,MICHAELKORS,手提袋商品
1119,HERMES,手提(箱)袋商品
1120,BURBERRY,圍巾、衣服等商品
1121,KENZO,近似於圍巾之斗篷商品
1122,GUCCI,各種衣服、（票券用）皮夾、手提（箱）袋等商品
1123,BOTTEGAVENETA,皮夾商品
1124,MICHAELKORS,手提袋商品
1125,HERMES,手提(箱)袋商品
1126,adidas,服飾商品
1127,TOTALPANEL紅色,工業用油品或相關周邊商品
1128,TOTAL+LogoEnergieincolours,工業用油品或相關周邊商品
1129,104,職業介紹、人力資源等服務
1130,LogoEnergiemonochrom,工業用油品或相關周邊商品
1131,TOTAL+LogoEnergieincolours,工業用油品或相關周邊商品
1132,MOTOREX,潤滑油、機油等油品商品
1133,GOODARCH,足弓矯正器鞋組及鞋墊等商品
1134,GoodARCH,足弓矯正器鞋組及鞋墊等商品
1135,GoodARCH,足弓矯正器鞋組及鞋墊等商品
1136,LINE,即時通訊軟體等相關商品或服務
1137,STARWORLD,電視播送、表演節目製作等影視娛樂服務
1138,STARwithCroppedBoxLogo,電視播送、表演節目製作等影視娛樂服務
1139,StarTV＆LOGO,電視播送、表演節目製作等影視娛樂服務
1140,STAR&Logo,電視播送、表演節目製作等影視娛樂服務
1141,STARMOVIESLOGO,電視播送、表演節目製作等影視娛樂服務
1142,STARLogo,電視播送、表演節目製作等影視娛樂服務
1143,STAR&Logo,電視播送、表演節目製作等影視娛樂服務
1144,CroppedBoxLogo,電視播送、表演節目製作等影視娛樂服務
1145,STARwithCroppedBoxLogo,電視播送、表演節目製作等影視娛樂服務
1146,STARMOVIESLOGO,電視播送、表演節目製作等影視娛樂服務
1147,VANS,鞋子等商品
1148,NuBra,胸罩，睡衣褲，罩杯，胸罩襯墊，背心，毛衣，襯衫，Ｔ恤，內衣褲，泳裝，西裝，禮服，休閒服，大衣，外套，披肩，運動服，新娘服，女裝，婚紗
1149,NuBra,胸罩，睡衣褲，罩杯，胸罩襯墊，背心，毛衣，襯衫，Ｔ恤，內衣褲，泳裝，西裝，禮服，休閒服，大衣，外套，披肩，運動服，新娘服，女裝，婚紗
1150,NuBra,胸罩，睡衣褲，罩杯，胸罩襯墊，背心，毛衣，襯衫，Ｔ恤，內衣褲，泳裝，西裝，禮服，休閒服，大衣，外套，披肩，運動服，新娘服，女裝，婚紗
1151,NuBra,胸罩，睡衣褲，罩杯，胸罩襯墊，背心，毛衣，襯衫，Ｔ恤，內衣褲，泳裝，西裝，禮服，休閒服，大衣，外套，披肩，運動服，新娘服，女裝，婚紗
1152,RAVAGLIOLI,特殊汽車維修領域
1153,RAVAGLIOLI,特殊汽車維修領域
1154,R,特殊汽車維修領域
1155,R+RAV,特殊汽車維修領域
1156,TEXASRANGERS,電視播送、表演節目製作等影視娛樂服務
1157,ROLEX,鐘錶、珠寶等商品
1158,STARLogo,電視播送、表演節目製作等影視娛樂服務
1159,STAR&Logo,電視播送、表演節目製作等影視娛樂服務
1160,CroppedBoxLogo,電視播送、表演節目製作等影視娛樂服務
1161,STARwithCroppedBoxLogo,電視播送、表演節目製作等影視娛樂服務
1162,STARMOVIESLOGO,電視播送、表演節目製作等影視娛樂服務
1163,STARLogo,電視播送、表演節目製作等影視娛樂服務
1164,STAR&Logo,電視播送、表演節目製作等影視娛樂服務
1165,CroppedBoxLogo,電視播送、表演節目製作等影視娛樂服務
1166,STARwithCroppedBoxLogo,電視播送、表演節目製作等影視娛樂服務
1167,STARMOVIESLOGO,電視播送、表演節目製作等影視娛樂服務
1168,RIMOWA,行李箱等商品
1169,APPLELOGO,電腦週邊設備、手機、電器等相關商品或服務
1170,BOSS,旅行袋、皮夾、皮革、手提箱、眼鏡、衣服、靴鞋等商品
1171,HUGOBOSS,旅行袋、皮夾、皮革、手提箱、眼鏡、衣服、靴鞋等商品
1172,賓士BENZ,於汽車相關領域之商品及服務
1173,TOTORO&DEVICE,各種常見卡通授權商品或服務
1174,度小月,餐飲服務
1175,樂子theDiner,提供餐飲服務或相關商品
1176,樂子thediner,提供餐飲服務或相關商品
1177,樂子theDiner,提供餐飲服務或相關商品
1178,樂子thediner,提供餐飲服務或相關商品
1179,御茶園,茶飲料等相關商品
1180,御茶園,茶飲料等相關商品
1181,御茶園,茶飲料等相關商品
1182,御茶園,茶飲料等相關商品
1183,DIOR,女裝、男裝、首飾、香水、化妝品，童裝等高檔消費品
1184,LOUISVUITTON,手提包等
1185,LOUISVUITTON,衣服、帽子等
1186,LOUISVUITTON,手錶等
1187,LV,手提包等
1188,LVlogofigurative,衣服、皮帶、帽子等
1189,LVDEVICE,絲巾等
1190,LVDEVICE,手錶等
1191,MonogramCanvas,手錶、手提包、衣服、皮帶、帽子等
1192,FLEURdansunlosangefig.,皮夾、衣服等
1193,FLEURdansuncerclefigurativeannexed,錶等
1194,FLEURfigurativeannexed,錶等
1195,TOILEDAMIERencouleur+denofig,手提袋、皮夾等
1196,TOILEDAMIERencouleurfig,衣服、腰帶、帽子等
1197,TOILEDAMIERfig.,手提袋等
1198,帝寶DEPO,車燈，霧燈，剎車燈，倒車燈，車輛之前燈，車輛之後燈，車輛之邊燈，車輛方向指示燈，汽車方向燈，汽車用照明燈，汽車用燈泡
1199,DEPO,車燈
1200,DEPO光形,車燈、霧燈、剎車燈、倒車燈、車輛之前燈、車輛之後燈、車輛之邊燈、方向指示燈、緊急剎車警示燈、自行車摩電燈、停止指示燈、車輛用反光鏡、車輛燈具遮光裝置、車輛燈具防目眩裝置、汽車、機車、方向盤、緩衝器、制動器、離合器、後視鏡、擋泥板、排氣管、化油器、齒輪箱、傳動軸、水箱蓋、擾流板、保險桿、葉子板、車輛馬達、汽車外殼、水箱、儀錶板
1201,帝寶DEPO,車燈，霧燈，剎車燈，倒車燈，車輛之前燈，車輛之後燈，車輛之邊燈，車輛方向指示燈，汽車方向燈，汽車用照明燈，汽車用燈泡
1202,DEPO,車燈
1203,DEPO光形,車燈、霧燈、剎車燈、倒車燈、車輛之前燈、車輛之後燈、車輛之邊燈、方向指示燈、緊急剎車警示燈、自行車摩電燈、停止指示燈、車輛用反光鏡、車輛燈具遮光裝置、車輛燈具防目眩裝置、汽車、機車、方向盤、緩衝器、制動器、離合器、後視鏡、擋泥板、排氣管、化油器、齒輪箱、傳動軸、水箱蓋、擾流板、保險桿、葉子板、車輛馬達、汽車外殼、水箱、儀錶板
1204,AMERICANSNEXTTOPMODEL,選秀節目等時尚相關聯之商品及服務
1205,OXFORD,學術教育領域及相關之書籍等商品出版服務
1206,牛津,學術教育領域及相關之書籍等商品出版服務
1207,靜思語,書籍、卡片、線上電子書籍及期刊之出版、教育服務、舉辦文化活動等商品/服務
1208,SINKO,空調機器設備、冷(熱)回收機組等相關商品
1209,霍普金斯Hopkins,以醫學及生物科學聞名於國際
1210,台北101,百貨公司、電信網路傳輸、經營摩天樓之景觀供人望觀光業務、影片唱片錄音帶錄影片碟影片伴唱帶等製作及發行等相關服務
1211,TAIPEI101,百貨公司、電信網路傳輸、經營摩天樓之景觀供人望觀光業務、影片唱片錄音帶錄影片碟影片伴唱帶等製作及發行等相關服務
1212,101,百貨公司、電信網路傳輸、經營摩天樓之景觀供人望觀光業務、影片唱片錄音帶錄影片碟影片伴唱帶等製作及發行等相關服務
1213,UNITEDCOLORSOFBENETTON,服飾商品
1214,UNITEDCOLORSOFBENETTONinagreenrectangleontheleft,服飾商品
1215,BENETTONBenetton,服飾商品
1216,gudetama,各種行動電話外殼等商品
1217,台北101,廣告宣傳、百貨公司及購物中心等相關服務
1218,TAIPEI101,廣告宣傳、百貨公司及購物中心等相關服務
1219,101,廣告宣傳、百貨公司及購物中心等相關服務
1220,BOTOX,化妝品，含藥化妝品
1221,BOTOX,治療神經疾病，肌張力障礙，平滑肌疾病，自主神經疾病，頭痛，皺紋，多汗症，運動傷害，腦麻痺，痙攣，顫抖及疼痛用藥劑
1222,BOTOX&SWOOSH,治療神經疾病，肌張力障礙，平滑肌疾病，自主神經疾病，頭痛，皺紋，多汗症，運動傷害，腦麻痺，痙攣，顫抖及疼痛用藥劑
1223,ALLERGANBOTOX,治療神經失調及肌肉緊繃用藥品，眼部肌肉鬆弛劑，中西藥品、藥劑、人體用藥
1224,ITSNOTMAGICITSBOTOX,治療神經疾病，肌張力障礙，平滑肌疾病，自主神經疾病，頭痛，皺紋，多汗症，運動傷害，腦麻痺，痙攣，顫抖及疼痛用藥劑
1225,MOTOREX,潤滑油、機油等油品商品
1226,LV,手提包
1227,adidas+3stripesdevice,衣服、運動用品、提袋、冠帽、手套、靴鞋、運動用眼鏡等商品
1228,將門JUMP,襪子、褲襪、各種衣服、書包、手提箱袋、旅行袋、皮夾、各式鞋類等商品
1229,將門,襪子、褲襪、各種衣服、書包、手提箱袋、旅行袋、皮夾、各式鞋類等商品
1230,將門JUMP,襪子、褲襪、各種衣服、書包、手提箱袋、旅行袋、皮夾、各式鞋類等商品
1231,將盟JUMP,襪子、褲襪、各種衣服、書包、手提箱袋、旅行袋、皮夾、各式鞋類等商品
1232,將門JUMP,襪子、褲襪、各種衣服、書包、手提箱袋、旅行袋、皮夾、各式鞋類等商品
1233,將門JUMP,靴鞋商品
1234,JUMP,靴鞋商品
1235,三斜線加上圓點,靴鞋商品
1236,三斜線加上圓點JUMP,靴鞋商品
1237,三斜線原點,鞋類商品
1238,將門JUMP,襪子、褲襪
1239,將門,各種衣服
1240,將門JUMP,書包、手提箱袋、旅行袋、皮夾
1241,將盟JUMP,靴鞋、鞋子、涼鞋、拖鞋、雨鞋、布鞋、球鞋、皮鞋、膠鞋、跑鞋、馬靴、舞鞋、草鞋、木屐、高跟鞋、運動鞋、登山鞋、滑雪靴、田徑鞋、休閒鞋、海灘鞋、女鞋、童鞋、工礦鞋、鞋底、鞋墊、鞋襯、鞋面、鞋跟、鞋幫、鞋尖、鞋舌、鞋弓、鞋中底、鞋套、釘鞋
1242,將門JUMP,靴鞋
1243,JUMP,男鞋、女鞋、休閒鞋、運動鞋、童鞋、涼鞋
1244,將門Jump,眼鏡、眼鏡框、眼鏡架、眼鏡套、眼鏡鍊、夾鼻眼鏡、太陽眼鏡、近視眼鏡、遠視眼鏡、散光眼鏡、平光眼鏡、光學鏡、眼鏡掛帶、眼鏡止滑墊片
1245,JUMP,衣服、靴、鞋、領帶、冠帽、襪子、服飾用禦寒用手套、腰帶
1246,將門JUMP,襪子、褲襪
1247,將門,各種衣服
1248,將門JUMP,書包、手提箱袋、旅行袋、皮夾
1249,將盟JUMP,靴鞋、鞋子、涼鞋、拖鞋、雨鞋、布鞋、球鞋、皮鞋、膠鞋、跑鞋、馬靴、舞鞋、草鞋、木屐、高跟鞋、運動鞋、登山鞋、滑雪靴、田徑鞋、休閒鞋、海灘鞋、女鞋、童鞋、工礦鞋、鞋底、鞋墊、鞋襯、鞋面、鞋跟、鞋幫、鞋尖、鞋舌、鞋弓、鞋中底、鞋套、釘鞋
1250,將門JUMP,靴鞋
1251,JUMP,男鞋、女鞋、休閒鞋、運動鞋、童鞋、涼鞋
1252,靜思語,書籍、卡片、線上電子書籍及期刊之出版、教育服務、舉辦文化活動等商品/服務
1253,鮮一杯OneFreshCup,咖啡、奶茶、可可、咖啡製成之飲料、茶包等商品
1254,鮮一杯OneFreshCup,咖啡、奶茶、可可、咖啡製成之飲料、茶包等商品
1255,史瑞克Shrek,電腦動畫影片
1256,樂子theDiner,提供餐飲服務或相關商品
1257,樂子thediner,提供餐飲服務或相關商品
1258,TAIPEI101,百貨公司及購物中心等服務
1259,台北101,百貨公司及購物中心等服務
1260,TAIPEI101,百貨公司及購物中心等相關服務
1261,台北101,百貨公司及購物中心等相關服務
1262,N次貼,便條、便箋、貼紙、膠紙、膠帶、自黏性標籤、紙製公佈欄、索引卡、書籤、塑膠卡片
1263,TAIPEI101,百貨公司及購物中心等相關服務
1264,台北101,百貨公司及購物中心等相關服務
1265,VLogo,衣服、冠帽、領帶、拉鍊、皮件、旅行袋、傘具、床墊、枕、蓆、窗簾、傢俱、餐具、眼鏡、鐘錶及化粧品等商品
1266,VLogo,衣服、冠帽、領帶、拉鍊、皮件、旅行袋、傘具、床墊、枕、蓆、窗簾、傢俱、餐具、眼鏡、鐘錶及化粧品等商品
1267,MonogramDoubleCDivice,香水、化妝品、服飾、皮件、太陽眼鏡、靴鞋、珠寶首飾等產品
1268,MonogramDoubleCDivice,香水、化妝品、服飾、皮件、太陽眼鏡、靴鞋、珠寶首飾等產品
1269,DowntonAbbey,電視節目製作及播送等相關商品或服務
1270,唐頓莊園,電視節目製作及播送等相關商品或服務
1271,康寧,液晶電視使用的玻璃基板等商品
1272,康寧,液晶電視使用的玻璃基板等商品
1273,SFandPRANCINGHORSE,跑車、賽車等相關商品
1274,FERRARIandPRANCINGHORSE,跑車、賽車等相關商品
1275,PRANCINGHORSEDevice,跑車、賽車等相關商品
1276,Hlogoinblackandwhite,飯店服務
1277,H[LOGO]WITHHOLIDAYINNEXPRESSINCHINESECHARACTERS,飯店服務
1278,HOLIDAYINN,飯店服務
1279,HOLIDAYINN,飯店服務
1280,HOLIDAYINNEXPRESSLOGO,飯店服務
1281,假日飯店HOLIDAYINNPRONOUNCEDJIARIFANDIAN,飯店服務
1282,麗娜RENOWNレナウン,服裝、襪子等商品
1283,PlusDesign,銀飾、珠寶、衣服及帽子等商品
1284,史瑞克Shrek,電腦動畫影片
1285,GUCCI,香水、面霜、化妝品、衣服、冠帽、領帶、皮包、皮夾、服飾用皮帶、靴鞋、手錶、傘等商品以及香水、化粧品、衣服、鞋、帽及其配件、眼鏡、皮件、袋子、錶、珠寶、文具及書寫用具之批發零售服務；百貨公司、購物中心、郵購；藉由型錄、電子媒體或網際網路提供香水、化粧品、衣服、鞋、帽及其配件、眼鏡、皮件、袋子、錶、珠寶、文具及書寫用具之批發零售服務
1286,台大,學術教育、農業教育、醫學研究及開發農產品等相關商品/服務
1287,臺大,學術教育、農業教育、醫學研究及開發農產品等相關商品/服務
1288,台大TAIDA,學術教育、農業教育、醫學研究及開發農產品等相關商品/服務
1289,FEDEX,快遞服務、提供貨物、文件、包裹之陸運、空運、倉儲等服務
1290,FAIRYTAIL,書籍商品
1291,FAIRYTAIL,書籍商品
1292,魔導少年,書籍商品
1293,APPLE,電腦軟硬體及其周邊設備等商品/服務
1294,APPLELOGO,電腦軟硬體及其周邊設備等商品/服務
1295,蘋果,電腦軟硬體及其周邊設備等商品/服務
1296,APPLE,電腦軟硬體及其周邊設備等商品/服務
1297,APPLELOGO,電腦軟硬體及其周邊設備等商品/服務
1298,蘋果,電腦軟硬體及其周邊設備等商品/服務
1299,CROWNTOWERS,飯店、休閒娛樂等服務
1300,CROWN,飯店、休閒娛樂等服務
1301,CROWNDevice,飯店、休閒娛樂等服務
1302,CROWNTOWERS,飯店、休閒娛樂等服務
1303,CROWN,飯店、休閒娛樂等服務
1304,CROWNDevice,飯店、休閒娛樂等服務
1305,HelloKitty凱蒂貓,匙、筷、貼紙、手提包、商標吊牌等商品
1306,Rilakkuma拉拉熊,匙、筷、貼紙、手提包、商標吊牌等商品
1307,Doraemon哆拉A夢,匙、筷、貼紙、手提包、商標吊牌等商品
1308,MILKA,巧克力商品
1309,GS,電池、蓄電池等商品
1310,GSLogo,電池、蓄電池等商品
1311,GS&Device,電池、蓄電池等商品
1312,BOSS,旅行袋、皮夾、皮革、手提箱、鐘錶、眼鏡、衣服、冠帽、靴鞋等商品
1313,FAIRYTAIL,書籍商品
1314,FAIRYTAIL,書籍商品
1315,魔導少年,書籍商品
1316,MEISSEN,瓷器等商品
1317,MEISSEN,瓷器等商品
1318,香奈兒,化粧品之零售服務
1319,香奈兒,化粧品，人體用肥皂，非人體用肥皂，香精油，香水，香料，髮乳，潔齒劑
1320,CHANEL,各種香水古龍香水及其他應屬本類之一切商品
1321,CHANEL,各種香皂
1322,CHANEL,各種護膚保養品
1323,CHANEL,各種化妝品，包括香水、蜜粉等
1324,CCMONOGRAMINCIRCLE,各種化妝品，包括香水
1325,香奈兒,各種肥皂、香皂、藥皂、洗衣洗髮粉及其他清潔劑
1326,香芮CHANEL&DEVICE,香水、香精
1327,RAY-BAN,眼鏡、鐘錶
1328,RAY-BAN,眼鏡、鐘錶
1329,諾得,胃腸藥等西藥商品及其相關服務
1330,諾得HCNORITLE,胃腸藥等西藥商品及其相關服務
1331,八方雲集,鍋貼、水餃等商品及鍋貼水餃專賣店等相關服務
1332,EVERLIGHT,LED燈等相關產品
1333,adidas,服飾商品
1334,PUMA,服飾商品
1335,CUIREPIfigurative,皮革及人造皮；旅行袋，行李箱，旅行用皮夾，旅行用皮件，皮箱，手提行李箱，保護衣服用之攜帶提袋，不含化粧用品之化粧箱，背囊，附肩袋之女用手提包，手提袋，公事箱，公事包，錢囊，口袋型皮夾，小錢包，鑰匙包，信用卡用皮夾，支票簿用皮夾，支票簿皮夾，手拿式文件包，雨傘
1336,CATandDesignsharkfin,移土、整土及原料處理用機械，即，鋤耕機裝載機、多功能輪式裝載機、履帶挖土機、輪式挖土機、挖土機、可伸縮式原料搬運機、履帶原料搬運機、輪式原料搬運機、多功能林木機、履帶拖木機、輪式拖木機、履帶伐木捆木機、輪式伐木捆木機、輸送機、履帶收割機、關節式吊桿裝載機、地下採礦裝載機；有關上述機械之配備，即，鋤耕機及原料處理臂
1337,CATandDesignIhorizontal,移土、整土及原料處理用機械，即，鋤耕機裝載機、滑輪轉向裝載機、適用於各種地形之裝載機、多功能輪式裝載機、鏟裝機、履帶挖土機、輪式挖土機、挖土機、可伸縮式原料搬運機、履帶原料搬運機、輪式原料搬運機、履帶式牽引機、鋪管機、履帶裝載機、填埋壓土機、土壤壓土機、輪式推土機、電動平土機、牽引機、輪式牽引刮土機、多功能林木機、履帶拖木機、輪式拖木機、履帶伐木捆木機、輪式伐木捆木機、輸送機、履帶收割機、關節式吊桿裝載機、振動土壤壓土機、振動瀝青壓土機、氣壓式壓土機、瀝青鋪路機、履帶瀝青鋪路機、刮板（機械零件）、冷平地機、道路修復機、乾草列輸送機、穩定土拌合機、地下採礦裝載機、廢棄物處理機；啟動馬達；交流發電機；活塞；曲軸；凸輪軸；引擎軸承；搖桿；連桿；襯套；氣缸頭；馬達及引擎用冷卻散熱器；打水器；引擎油冷卻器；冷卻溫度調節器（機械零件）等商品
1338,CATandDesignⅡstacked,使用於移土、整土及原料處理用之機械配備，即，瀝青截斷器、螺旋鑽、鋤耕機、刀片、葉片、塊體搬運機、液壓式清潔機、挖斗、冷平地機、壓土機、振動式壓土機、連結器、水泥建物拆除機、切割鉗夾、砍伐枝枒器、起重機吊臂、起重機之起重架、分類及破壞抓鉤、破碎機、送料斗、升降機、吊車之吊鉤、原料處理臂、多功用處理機、犁、水泥壓碎機、噴嘴、耙機用耙、鬆土機、路面切割機、翻路機、鏟斗、切削及破壞剪、吹雪機、剷雪機雪犁、剷雪機雪犁翼、殘株移除器、橘瓣式抓斗，耕作機，掘溝機，（起重機）之椼架伸臂
1339,CATandDesignhorizontalgraysilver,船用發動機；工業用發動機；柴油發動機；燃油發動機；天然煤氣發動機；電動、工業用、柴油、瓦斯及天然氣發電機及發電機組；啟動馬達；交流發電機；活塞；曲軸；凸輪軸；引擎軸承；搖桿；連桿；襯套；氣缸頭；馬達及引擎用冷卻散熱器；打水器；引擎油冷卻器；冷卻溫度調節器（機械零件）；馬達及引擎用風扇及風扇皮帶；冷卻空氣清淨過濾器（引擎用）等商品
1340,REEBOK,靴鞋、帽子、衣服
1341,MonogramCanvas,圍巾、衣物等商品
1342,Monogrambi-colored,項鍊、胸針等商品
1343,DAMIERAZURfig,手提包、皮革、皮夾等商品
1344,中華郵政,郵政等相關商品及服務
1345,中華郵政郵徽圖,郵政等相關商品及服務
1346,Caesars,飯店、博弈娛樂服務
1347,CaesarsPalace,飯店、博弈娛樂服務
1348,KYMCO,機車及其零組件等商品及銷售服務
1349,CITI,銀行業務
1350,CITIBANKwithArclogo,銀行業務
1351,APPLE,電腦、電腦軟體及其相關產品與服務
1352,蘋果,電腦、電腦軟體及其相關產品與服務
1353,APPLELOGO,電腦、電腦軟體及其相關產品與服務
1354,金門,各種酒類之「高粱酒」
1355,金門高粱酒,各種酒類之「高粱酒」
1356,AMDArrowLogo,積體電路、微處理晶片等商品
1357,OMEGA+Ω,鐘錶等商品
1358,Vlogo,衣服、冠帽、領帶、皮件等商品
1359,COROLLAALTIS,汽車及其零組件等商品
1360,VALENTINO,衣服等商品
1361,VALENTINO,衣服等商品
1362,VALENTINO,衣服等商品
1363,M.U,高爾夫球運動周邊商品
1364,M.U.SPORTS,高爾夫球運動周邊商品
1365,支付寶Alipay.com&Device,第三方網上支付平台服務
1366,ALIPAY,透過區域及全球電腦網路提供商業資訊、情報及分析服務以利商業交易；提供網路購物服務；藉由區域及全球電腦網路為他人提供廣告宣傳服務；代理進出口服務；透過區域及全球電腦網路提供購物資訊；透過互動電腦網路提供購物資訊；商情提供；電腦網路線上廣告；為他人之採購服務（為其他企業採購商品及服務）；電腦檔案資料搜尋；在通訊媒體上出租廣告空間；直接郵寄廣告；廣告代理；為工商企業籌備商展及展示會及博覽會之服務；為他人促銷產品服務；電腦資料庫編輯；廣告宣傳；藉由商品展示為他人促銷產品之服務；廣告企劃及設計
1367,ALIPAY,銀行業務，信託業務，保險業務，證券業務，資本投資，報關，財務之評估、分析、諮詢顧問，金融之評估、分析、諮詢顧問，投資之評估、分析、諮詢顧問，信用調查；透過全球電腦網路提供帳戶結算、交易金額資訊和資金移轉調度服務；線上銀行服務和融資服務；信用卡服務，帳務處理服務、帳單電子傳送服務、帳單付款服務；金融交易之保險；轉帳服務、電子資金轉帳服務；為他人提供網路付款轉帳服務；款項代收服務
1368,ALIPAY,提供線上交談連線服務；提供電子郵件和電子郵件傳送服務；為電子商務（Ｅ－ＣＯＭＭＥＲＣＥ）及實際之全球商業交易提供電信連結服務；網際網路之電信連結，即指為電腦用戶間之資料交換提供即時之連結服務；訊息傳送；電腦影像訊息傳送；視訊會議之衛星傳送；傳真機通訊傳輸；電話通訊傳輸；電信傳輸；電報通訊傳輸；無線電、電話或其他通訊工具之傳呼；資料和訊息之電子傳輸或傳送；提供有關上述服務之資訊及諮詢顧問服務；電子佈告欄（電信服務）；提供電子佈告欄之訊息傳送；提供電子告示板之訊息傳輸服務以在電腦使用者間公佈及傳遞有關於商品、服務及商業機會之訊息
1369,ALIPAY,電子化儲存資料或文件之保管
1370,大同TATUNG,電鍋商品
1371,大同,電鍋商品
1372,大同寶寶,電鍋商品
1373,APPLE,電腦軟硬體及其周邊設備等商品/服務
1374,APPLELOGO,電腦軟硬體及其周邊設備等商品/服務
1375,蘋果,電腦軟硬體及其周邊設備等商品/服務
1376,蘋果,電腦軟硬體及其周邊設備等商品/服務
1377,APPLE,電腦軟硬體及其周邊設備等商品/服務
1378,APPLELOGO,電腦軟硬體及其周邊設備等商品/服務
1379,COOLWAY,靴鞋、服飾等商品
1380,COOLWAY&Device,靴鞋、服飾等商品
1381,台北101,百貨公司及購物中心等相關服務
1382,TAIPEI101,百貨公司及購物中心等相關服務
1383,APPLE,電腦軟硬體及其周邊設備等相關商品/服務
1384,APPLELOGO,電腦軟硬體及其周邊設備等相關商品/服務
1385,蘋果,電腦軟硬體及其周邊設備等相關商品/服務
1386,VANS,運動鞋及服裝等商品
1387,指定使用於耳環等多種商品之,耳環等多種商品
1388,蘋果APPLE,電腦週邊產品、電腦軟體、網路、多媒體影音設備及其相關服務
1389,APPLELOGO,電腦週邊產品、電腦軟體、網路、多媒體影音設備及其相關服務
1390,蘋果APPLE,電腦週邊產品、電腦軟體、網路、多媒體影音設備及其相關服務
1391,APPLELOGO,電腦週邊產品、電腦軟體、網路、多媒體影音設備及其相關服務
1392,JEEP,「吉普車」商品
1393,APPLE,電腦、鍵盤、印表機、磁碟機等商品及相關服務
1394,APPLELOGO,電腦、鍵盤、印表機、磁碟機等商品及相關服務
1395,APPLE,電腦、鍵盤、印表機、磁碟機等商品及相關服務
1396,APPLELOGO,電腦、鍵盤、印表機、磁碟機等商品及相關服務
1397,OCEANSPRAYANDBREAKINGWAVEDEVICE,蔓越莓汁、蔓越莓乾
1398,錠嵂,代辦貸款；不動產管理；公寓房屋管理；分時不動產管理；基金管理；銀行、信託服務；網路銀行；儲蓄銀行；支票查證；企業清算服務（財務）；保管箱出租服務；保險箱服務；信用卡服務；信託管理；票據交換；保釋擔保；金融保證人；租購融資（租賃買賣融資）；保險服務；保險公司；保險經紀；保險仲介；保險資訊；證券服務；證券商業務；價值憑證發行；期貨經紀；不動產買賣租賃之仲介；不動產租售；農場租賃；房屋仲介；古董估價、珠寶估價、玉石估價；財務之評估分析諮詢顧問、金融之評估分析諮詢顧問、投資之評估分析諮詢顧問；金融管理；應收帳款收買、金融機構金錢債權處理服務；點鈔機租賃；不動產拍賣服務等服務
1399,Vlogo,衣服、冠帽、領帶、皮件等商品
1400,b,音樂播放器用之可攜式保護盒、耳機
1401,b,擴音器、擴音器喇叭
1402,BEATSBYDR.DRE,擴音器、擴音器喇叭
1403,HelloKitty卡通臉部造型,行動電源裝置
1404,Melody卡通全身造型MyMelody,行動電話外殼、電話充電器
1405,缺口蘋果,行動電源裝置
1406,霍普金斯Hopkins,以醫學及生物科學聞名於國際
1407,OLYMPIC,運動賽事服務、運動商品
1408,FFfigurative,鞋、皮包、衣服、化妝品、珠寶、手錶等商品
1409,CITI,銀行及相關業務
1410,CITIBANKwithArclogo,銀行及相關業務
1411,Vlogo,衣服、冠帽、領帶、皮件等商品
1412,MAN,卡車、大客車等商品
1413,MAN&Design,卡車、大客車等商品
1414,CHCROSSDESIGN,銀飾類商品
1415,PlusDesign,銀飾類商品
1416,Audi,汽機車及其零組件等商品、汽車維修保養等服務
1417,奧迪,汽機車及其零組件等商品、汽車維修保養等服務
1418,CHCROSSDESIGN,銀飾類商品
1419,PlusDesign,銀飾類商品
1420,LOUISVUITTON,皮或仿製皮製成之封袋，皮夾，小錢包，鑰匙包等
1421,LV,皮或仿製皮製成之封袋，皮夾，小錢包，鑰匙包等
1422,MonogramCanvas,皮夾，零錢包，皮革製鑰匙包等
1423,DECORFLORALfig.,口袋型皮夾，小錢包，鑰匙包等
1424,FLEURfigurativeannexed,口袋型皮夾，皮包，鑰匙包等
1425,FLEURdansuncerclefigurativeannexed,口袋型皮夾，皮包，鑰匙包等
1426,FLEURdansunlosangefig.,皮夾，錢包，鑰匙包等
1427,Carrefour&Logo,百貨量販店服務及相關商品
1428,家樂福,百貨量販店服務及相關商品
1429,多那之,咖啡、蛋糕、麵包商品及咖啡廳服務
1430,海瑞,摃丸商品
1431,NewStarlogo,車輛及其相關商品
1432,Three-PointedStarinRingdevicemark,車輛及其相關商品
1433,THREE-POINTEDSTARINRINGFLATFORM,車輛及其相關商品
1434,FoghornLeghornRep,製播卡通影片廣泛發行世界各地及授權世界多國廠商作為多元商品化之營銷
1435,FOGHORNLEGHORN&Rep,製播卡通影片廣泛發行世界各地及授權世界多國廠商作為多元商品化之營銷
1436,Monogrambi-colored,人造珠寶及人造珠寶所鑲製之戒指、手鍊、項鍊、胸針、耳環、耳環夾
1437,ASTONMARTIN&WingsDevice,汽車及其組件商品
1438,ZARA,衣服、帽子
1439,CCMonogram,皮件、靴鞋、服飾、珠寶等時尚流行精品
1440,THERMOS,保溫瓶（杯）、燜燒鍋等商品
1441,金門,酒類商品
1442,金門KIN-MEN,酒類商品
1443,KINMEN,酒類商品
1444,adidas,服飾商品
1445,CCMonogram,皮件、靴鞋、服飾、珠寶等時尚流行精品
1446,TOMBOWTOMBOW,各種筆類、橡皮擦、修正帶等文具用品
1447,Device&Tombow,各種筆類、橡皮擦、修正帶等文具用品
1448,蜻蜓,各種筆類、橡皮擦、修正帶等文具用品
1449,McCafé,餐飲等相關服務及商品
1450,McCAFE,餐飲等相關服務及商品
1451,高泰絲KOTEX,衛生棉商品
1452,靠得住KOTEX,衛生棉商品
1453,ALEXANDERMcQUEEN,男女服飾、服飾配件等商品
1454,金門,酒類商品
1455,金門高粱酒,酒類商品
1456,DISNEY,該等商標圖樣之系列商品
1457,MonogramDoubleCDevice,各種書包、手提箱袋、旅行袋、皮夾等商品
1458,CHANEL香奈兒,各種書包、手提箱袋、旅行袋、皮夾等商品
1459,PRADA,手提箱、手提包、購物袋、錢袋、化粧箱、書包、手提箱、旅行箱、公事箱、旅行袋、錢包、皮夾等商品
1460,芝蔴街&StreetSignDevice,書籍、教育及娛樂服務等商品或服務
1461,SAMSUNG&Device,耳機、電子通訊設備及儀器
1462,TOTO,衛浴設備商品
1463,TOTO,衛浴設備商品
1464,form-stripStripes,靴鞋商品
1465,PUMAwithFormstrip,靴鞋商品
1466,Icon,靴鞋商品
1467,FormstripDevice,靴鞋商品
1468,高泰絲KOTEX,衛生棉商品
1469,高泰絲KOTEX,衛生棉商品
1470,靠得住KOTEX,衛生棉商品
1471,高泰絲KOTEX,衛生棉商品
1472,靠得住KOTEX,衛生棉商品
1473,Barbie,玩具商品
1474,芭比Barbie,玩具商品
1475,犬夜叉いぬやしゃ,CD、漫畫、原聲帶、手機遊戲等商品
1476,PRANA,戶外運動及瑜珈相關服飾、用品等商品
1477,adidas,服飾商品
1478,Y-stylizedwordmark,服飾商品
1479,中華雲市集hicloudMall,開放式雲端應用交易平台，提供軟體開發商網路平台使用及維護、上架產品測試、推廣行銷、客戶款項代收等服務
1480,中華雲,開放式雲端應用交易平台，提供軟體開發商網路平台使用及維護、上架產品測試、推廣行銷、客戶款項代收等服務
1481,犬夜叉,CD、漫畫、原聲帶、手機遊戲等商品
1482,犬夜叉いぬやしゃ,CD、漫畫、原聲帶、手機遊戲等商品
1483,犬夜叉,CD、漫畫、原聲帶、手機遊戲等商品
1484,CAMUS,酒類商品
1485,禾聯HERAN,液晶電視、空氣調節機等家電商品
1486,HERAN,液晶電視、空氣調節機等家電商品
1487,禾聯,液晶電視、空氣調節機等家電商品
1488,OBORANGEBEAR嚴選,衣服等商品
1489,OB嚴選,衣服等商品
1490,momo,電視購物、網路購物及型錄購物等相關服務
1491,momo,電視購物、網路購物及型錄購物等相關服務
1492,momo藥妝,電視購物、網路購物及型錄購物等相關服務
1493,momo,電視購物、網路購物及型錄購物等相關服務
1494,momo,電視購物、網路購物及型錄購物等相關服務
1495,momo藥妝,電視購物、網路購物及型錄購物等相關服務
1496,momo,電視購物、網路購物及型錄購物等相關服務
1497,momo,電視購物、網路購物及型錄購物等相關服務
1498,momo藥妝,電視購物、網路購物及型錄購物等相關服務
1499,REDBULL&Device,能量飲料商品
1500,DoubleBullDevice,能量飲料商品
1501,全聯,超級市場、綜合性商品零售服務等相關商品/服務
1502,聯社,超級市場、綜合性商品零售服務等相關商品/服務
1503,全聯先生,超級市場、綜合性商品零售服務等相關商品/服務
1504,全聯福利中心,超級市場、綜合性商品零售服務等相關商品/服務
1505,REDBULL&Device,能量飲料商品
1506,DoubleBullDevice,能量飲料商品
1507,香奈兒,香水、化粧品、服飾、手錶等各式商品
1508,香芮CHANEL&DEVICE,香水、化粧品、服飾、手錶等各式商品
1509,香奈兒,香水、化粧品、服飾、手錶等各式商品
1510,香奈兒,香水、化粧品、服飾、手錶等各式商品
1511,CHANEL,香水、化粧品、服飾、手錶等各式商品
1512,CHANEL,香水、化粧品、服飾、手錶等各式商品
1513,CHANEL,香水、化粧品、服飾、手錶等各式商品
1514,蘋果APPLE,電腦週邊產品、電腦軟體、網路、多媒體影音設備及其相關服務
1515,APPLELOGO,電腦週邊產品、電腦軟體、網路、多媒體影音設備及其相關服務
1516,寶媽咪,曬衣架、拖把等相關商品
1517,BRIDGESTONE,輪胎、車輪等汽車零組件、輪胎、內外胎等商品
1518,旺旺,米果等商品
1519,旺旺,米果等商品
1520,KELLY,皮包、皮夾、手提袋等商品
1521,KELLYBAG,皮包、皮夾、手提袋等商品
1522,PrancingHorsedevice,跑車、賽車等相關商品
1523,SFandPrancingHorsedevice,跑車、賽車等相關商品
1524,FerrariandPrancingHorsedeviceinrectangle,跑車、賽車等相關商品
1525,大益,普洱茶等商品
1526,JAGUAR,汽車
1527,TutorABC,線上教學服務
1528,欣雄,瓦斯、天然氣設備商品
1529,欣芝,瓦斯、天然氣設備商品
1530,麗晶,餐廳、旅館等相關服務
1531,REGENT,餐廳、旅館等相關服務
1532,富蘭克林,財務與投資經理服務，財務與投資管理服務，財務與投資顧問服務，財務與投資分析服務，財務與投資諮詢服務，財務與投資之資訊服務；共同基金投資服務；股票過戶代理服務；證券經紀服務；銀行服務；抵押貸款服務；信用卡服務；汽車貸款籌資及貸款服務；投資信託服務；不動產經理服務；消費者貸款服務；人壽保險；年金保險之發行與管理；其他所授權承保人之人壽保險及年金保險之再保險；對各種事業生產投資。消費者信用調查服務、證券（包括共同基金）之分銷服務
1533,7NET,網路購物及多樣化商品零售等服務
1534,adidas,衣服
1535,PUMA,衣服
1536,GUCCI,衣服
1537,LACOSTE,衣服
1538,黃飞紅HUANGFEIHONG飛為簡體字,麻辣花生等商品
1539,黃飞紅HUANGFEIHONG飛為簡體字,麻辣花生等商品
1540,ADIDAS,衣服等商品
1541,PUMA,衣服等商品
1542,愛其華OGIVAL,鐘錶、手錶及其組件等商品
1543,愛其華OGIVAL,鐘錶、手錶及其組件等商品
1544,竹山紫南宮JhushanZiNanTemple,宗教相關服務
1545,TREK,自行車等相關商品
1546,TREKKING,自行車等相關商品
1547,NIKE,球鞋等服飾類商品
1548,AIRJORDAN,球鞋等服飾類商品
1549,FourCirclesDevice,汽車及其零組件等商品、汽車維修保養等服務
1550,FourRingsDevice,汽車及其零組件等商品、汽車維修保養等服務
1551,fourringsdevice,汽車及其零組件等商品、汽車維修保養等服務
1552,Vlogo,衣服、冠帽、領帶、皮件等商品
1553,中華雲市集hicloudMall,於其所建置之開放式雲端應用交易平台，提供軟體開發商網路平台使用及維護、上架產品測試、推廣行銷、客戶款項代收等服務
1554,旺旺,米果等商品
1555,哈佛,出版服務，即以印刷或電子形式出版書籍，手冊，教科書及其他各種廣泛性論文之服務等服務
1556,LEGO,玩具等商品
1557,國立海洋生物博物館館徽,博物館、海洋生物展覽等相關商品或服務
1558,JAGUAR,汽車商品及相關服務
1559,RIPCLRL,服飾、鞋子、手錶、太陽眼鏡等商品
1560,KELLY,皮包、皮夾、手提袋等商品
1561,M,餐廳服務、食品、飲料等商品
1562,M,餐廳服務、食品、飲料等商品
1563,M,餐廳服務、食品、飲料等商品
1564,杜拉拉,電影影片、電視劇等服務
1565,REBELLEBYRIHANNA,唱片錄製及電視、廣播製作等娛樂服務，與香水、衣服、手提包、時尚配件等時尚相關商品
1566,RIHANNA,唱片錄製及電視、廣播製作等娛樂服務，與香水、衣服、手提包、時尚配件等時尚相關商品
1567,CHANEL,鐘錶及其組件
1568,LV,行李箱、手提袋等商品
1569,LV,皮夾、衣物、首飾等商品
1570,麗晶,餐廳、旅館等相關服務
1571,REGENT,餐廳、旅館等相關服務
1572,AppStore,電腦軟體及其開發設計等相關商品／服務
1573,AppStore,電腦軟體及其開發設計等相關商品／服務
1574,LEGO,玩具等商品
1575,FIESTA,汽車及其零組件等商品
1576,Fiesta,汽車及其零組件等商品
1577,APPLE,電腦軟硬體及其周邊設備等商品/服務
1578,APPLELOGO,電腦軟硬體及其周邊設備等商品/服務
1579,蘋果,電腦軟硬體及其周邊設備等商品/服務
1580,APPLE蘋果,電腦軟硬體及其周邊設備等商品/服務
1581,BOSS,衣服、皮革製品、鐘錶、手提箱袋、眼鏡、香水、貴金屬、毛巾等商品及代理國內外廠商服飾之報價、投標、經銷服務、進出口貿易等服務
1582,TEFLON,鍋具、服飾、汽車內外裝等與日常生活有關之物品
1583,鐵氟龍TEFLONinchinesecharacters,鍋具、服飾、汽車內外裝等與日常生活有關之物品
1584,BOSS,衣服、皮革製品、鐘錶、手提箱袋、眼鏡、香水、貴金屬、毛巾等商品及代理國內外廠商服飾之報價、投標、經銷服務、進出口貿易等服務
1585,LEGO,玩具等商品
1586,LEGOlogo,玩具等商品
1587,RENOWN,服裝、襪子等商品
1588,DB,汽車、跑車及其零組件，或相關配備等商品
1589,BRIDGESTONE,輪胎、內外胎、運送膠帶、橡膠製防舷板、橡膠軟管、塑膠軟管
1590,得意的一天,食用動、植物油等商品
1591,MOTOROLA,行動電話機等相關商品
1592,MOTO,行動電話機等相關商品
1593,黃飞紅HUANGFEIHONG飛為簡體字,麻辣花生等商品
1594,黃飞紅HUANGFEIHONG飛為簡體字,麻辣花生等商品
1595,黃飞紅HUANGFEIHONG飛為簡體字,麻辣花生等商品
1596,雙C,個人流行時尚精品
1597,RENOWN,服裝、襪子等商品
1598,黃飞紅HUANGFEIHONG飛為簡體字,麻辣花生等商品
1599,KELLY,皮包，手提包、手提袋，旅行袋，背包，皮夾，錢包、錢袋，名片皮夾，鑰匙包（皮革製），公事包、公事箱，行李箱、行李袋，旅行箱、手提箱
1600,KELLY,皮革及人造皮革；皮革製品及人造皮革製品（不包括特別設計供產品專用的盒、手套、腰帶）即：皮包，旅行袋，背包，書包，沙灘袋，購物袋，旅行用衣物袋，運動用提背袋、運動包；置放嬰兒用品之袋、嬰兒用尿片袋；擺放旅行用毛毯或披肩用之手提袋；帶輪袋；包裝用皮袋（封套、小袋子）；嬰兒揹袋、抱嬰兒用吊袋、嬰兒揹帶、抱嬰兒用吊帶；錢包；錢袋；名片皮夾；公事箱；公事包；皮製鑰匙包；行李箱及手提箱；旅行箱；旅行皮件套組；盥洗化粧用具包（空）及化粧包（空的）；小皮袋（皮製品）；馬具；鞭子；馬鞭；馬鞍；腕帶；擺放零星物品之皮製置物盤；陽傘；傘、雨傘；動物項圈；繫動物皮帶；紡織品製旅行用具套組；紡織品製化妝用包（袋）等商品或服務
1601,KELLYMANCHON,皮革及人造皮革，皮製箱、皮製盒，皮包，旅行袋，背包，書包，沙灘袋，購物袋，旅行用衣物袋，皮夾，皮革製錢包，名片皮夾（皮夾），公事包，皮革製鑰匙包，旅行箱，手提箱，旅行用盥洗用具包（空），化粧包，暖套筒（服裝）
1602,KELLYFLAT,皮革及人造皮革，皮製箱，皮製盒，皮包，旅行袋，背包，書包，沙灘袋，購物袋，旅行用衣物袋，皮夾，皮革製錢包，名片皮夾（皮夾），公事包，皮革製鑰匙包，旅行箱，手提箱，盥洗旅行用包，化粧包
1603,KELLYCUT,皮革及人造皮革，皮製箱，皮製盒，皮包，旅行袋，背包，小皮包、書包，沙灘袋，購物袋，旅行用衣物袋，皮夾，皮革製錢包，名片皮夾，公事包，皮革製鑰匙包，旅行箱，手提箱，盥洗旅行用包，化粧包
1604,呷七碗,油飯等商品及餐飲相關服務
1605,呷七碗,油飯等商品及餐飲相關服務
1606,呷七碗,油飯等商品及餐飲相關服務
1607,呷七碗,油飯等商品及餐飲相關服務
1608,呷七碗,油飯等商品及其相關服務
1609,呷七碗,油飯等商品及其相關服務
1610,呷七碗,油飯等商品及其相關服務
1611,呷七碗,油飯等商品及其相關服務
1612,GOOGLE,網際網路搜尋引擎服務
1613,1MILLION,香水等商品
1614,LADYMILLION,香水等商品
1615,犬夜叉いぬやしゃ,CD、漫畫、原聲帶、手機遊戲等商品
1616,犬夜叉,CD、漫畫、原聲帶、手機遊戲等商品
1617,鮮一杯OneFreshCup,咖啡、奶茶、熱巧克力等商品
1618,鮮一杯OneFreshCup,咖啡、奶茶、熱巧克力等商品
1619,台灣啤酒,啤酒相關商品
1620,台灣啤酒,啤酒相關商品
1621,靜思語,書籍、卡片、線上電子書籍、期刊及其出版、教育服務、舉辦文化活動等商品/服務
1622,F1FORMULA1Logo,舉辦賽車活動及促銷相關賽車活動等商品或服務
1623,CHANEL,行動電話保護盒及保護套等商品
1624,MAC,各種書包、手提箱袋、旅行袋、皮夾、香水等商品
1625,MICHAELKORS,各種書包、手提箱袋、旅行袋、皮夾、香水等商品
1626,GIVENCHY,各種書包、手提箱袋、旅行袋、皮夾、香水等商品
1627,Dior,各種書包、手提箱袋、旅行袋、皮夾、香水等商品
1628,DIOR,各種書包、手提箱袋、旅行袋、皮夾、香水等商品
1629,GUCCI,各種書包、手提箱袋、旅行袋、皮夾、香水等商品
1630,KATESPADE,各種書包、手提箱袋、旅行袋、皮夾、香水等商品
1631,BURBERRY,各種書包、手提箱袋、旅行袋、皮夾、香水等商品
1632,BURBERRY,各種書包、手提箱袋、旅行袋、皮夾、香水等商品
1633,MIUMIU,各種書包、手提箱袋、旅行袋、皮夾、香水等商品
1634,CHANEL,各種書包、手提箱袋、旅行袋、皮夾、香水等商品
1635,BVLGARI,各種書包、手提箱袋、旅行袋、皮夾、香水等商品
1636,CATHKIDSTON,各種書包、手提箱袋、旅行袋、皮夾、香水等商品
1637,MARCJACOBS,各種書包、手提箱袋、旅行袋、皮夾、香水等商品
1638,COCO,各種香水、化妝品、流行服飾、皮件等商品
1639,COCO,各種香水、化妝品、流行服飾、皮件等商品
1640,COCO,各種香水、化妝品、流行服飾、皮件等商品
1641,CAMUS,酒類商品
1642,ACER,電腦及各種資訊產品
1643,acer,電腦及各種資訊產品
1644,靜思語,書籍、卡片、線上電子書籍、期刊及其出版、教育服務、舉辦文化活動等商品/服務
1645,老乾媽陶華碧簡體字LAOGANMA,豆鼓醬、辣椒醬等商品
1646,老乾媽陶華碧簡體字,豆鼓醬、辣椒醬等商品
1647,Barbie,玩偶娃娃商品
1648,芭比Barbie,玩偶娃娃商品
1649,古道,茶飲料等飲品商品
1650,85℃,餐飲服務及相關咖啡、飲料、糕點等相關商品
1651,85度C,餐飲服務及相關咖啡、飲料、糕點等相關商品
1652,BRAVIA,電視機商品
1653,VIRGIN,衣服、鞋子、唱片、錄音帶、錄影帶、電腦軟體、電腦遊戲、保險套、飲料、化妝品、個人清潔用品、行李箱、皮夾、電話、玩具、書籍、汽車、航空、飯店、旅遊、美容、諮詢、電台、鐵路、銀行金融、電信、旅客運輸服務等商品或服務
1654,VirginSignature,衣服、鞋子、唱片、錄音帶、錄影帶、電腦軟體、電腦遊戲、保險套、飲料、化妝品、個人清潔用品、行李箱、皮夾、電話、玩具、書籍、汽車、航空、飯店、旅遊、美容、諮詢、電台、鐵路、銀行金融、電信、旅客運輸服務等商品或服務
1655,85℃,餐飲服務及咖啡、飲料、糕點等相關商品
1656,85度C,餐飲服務及咖啡、飲料、糕點等相關商品
1657,KSS,固定夾、鉚釘，壁釘，Ｕ型釘，塑膠壁釘，牆壁固定釘，塑膠製標誌環，塑膠製指示牌，扣環，固定螺栓，塑膠膨脹螺絲、配線固定鈕（座）
1658,KSS,包裝用或捆綁用的金屬帶，捆綁用金屬帶，金屬線捆，金屬製管路固定配座，金屬製扣環，金屬製固定夾，金屬管接頭，金屬製軟管，金屬製管夾
1659,KSS,包裝用或捆綁用的金屬帶，捆綁用金屬帶，金屬線捆，金屬製釘子，金屬製螺絲，金屬製管路固定配座，金屬製扣環，金屬製固定夾，金屬製鉚釘，金屬製膨脹壁釘，金屬製螺帽，金屬製螺母，金屬製墊片、金屬製墊圈、金屬製襯墊，金屬管接頭，金屬製軟管、金屬製管路固定配座、管夾
1660,KSS,包裝用或捆綁用的金屬帶，捆綁用金屬帶，金屬線捆，金屬製釘子，金屬製螺絲，金屬製管路固定配座，金屬製扣環，金屬製固定夾，金屬製鉚釘，金屬製膨脹壁釘，金屬製螺帽，金屬製螺母，金屬製墊片、金屬製墊圈、金屬製襯墊，金屬管接頭，金屬製軟管、管夾
1661,KSS,固定夾、鉚釘，壁釘，Ｕ型釘，塑膠壁釘，牆壁固定釘，塑膠製標誌環，塑膠製指示牌，扣環，固定螺栓，塑膠膨脹螺絲、配線固定鈕（座）
1662,KSS,包裝用或捆綁用的金屬帶，捆綁用金屬帶，金屬線捆，金屬製繩索，金屬地板線槽，金屬製鐵釘，金屬製鋼釘，金屬製螺絲，金屬製管路固定配座，金屬製扣環，金屬製固定夾，金屬製鉚釘，金屬製Ｕ型釘，金屬製螺帽，金屬製螺母，金屬管接頭，金屬軟管
1663,KSS,包裝用或捆綁用的金屬帶，捆綁用金屬帶，金屬線捆，金屬製釘子，金屬製螺絲，金屬製管路固定配座，金屬製扣環，金屬製固定夾，金屬製鉚釘，金屬製膨脹壁釘，金屬製螺帽，金屬製螺母，金屬製墊片、金屬製墊圈、金屬製襯墊，金屬管接頭，金屬製軟管、金屬製管路固定配座、管夾
1664,凱士士KSS,包裝用或捆綁用的金屬帶，捆綁用金屬帶，金屬線捆，金屬製繩索，金屬地板線槽，金屬製鐵釘，金屬製鋼釘，金屬製螺絲，金屬製管路固定配座，金屬製扣環，金屬製固定夾，金屬製鉚釘，金屬製Ｕ型釘，金屬製螺帽，金屬製螺母，金屬製墊片，墊圈，襯墊，金屬管接頭，金屬軟管
1665,LV,皮件及服飾配件商品
1666,樹莓派,電腦、記憶體等相關商品及服務
1667,支付宝,第三方網上支付平台服務
1668,支付宝,第三方網上支付平台服務
1669,支付宝,第三方網上支付平台服務
1670,GUCCI,香水、化妝品、皮件、服飾及其批發零售等商品／服務
1671,FOURRINGSDEVICE,馬達及引擎（陸上交通工具用除外）；馬達起動器；引擎用起動器；馬達制動器；馬達用的軸；馬達用連桿；馬達用冷卻散熱器；馬達避震器；旋塞（機械或引擎或馬達的零件）；馬達用風扇皮帶；引擎驅動泵；過濾器（機械或引擎零件）；活塞（機械用或是引擎用零件）；引擎用排氣歧管；接頭（引擎零件）；引擎用汽缸蓋；引擎罩；濾清器（機器或引擎用零件）；機器用聯結器（陸上交通工具用除外）；非手動農具等商品或服務
1672,芝蔴街,提供教育、娛樂、幼兒及兒童之美語教學等服務
1673,BOSS,靴鞋
1674,BOSS,旅行袋、皮夾、皮革、手提箱、眼鏡、衣服、靴鞋等商品
1675,HUGOBOSS,旅行袋、皮夾、皮革、手提箱、眼鏡、衣服、靴鞋等商品
1676,BOSS,旅行袋、皮夾、皮革、手提箱、眼鏡、衣服、靴鞋等商品
1677,HUGOBOSS,旅行袋、皮夾、皮革、手提箱、眼鏡、衣服、靴鞋等商品
1678,TAIPEI101,百貨公司及購物中心等服務
1679,台北101,百貨公司及購物中心等服務
1680,CROWN,飯店、休閒娛樂等服務
1681,CROWNTOWERS,飯店、休閒娛樂等服務
1682,CROWNDevice,飯店、休閒娛樂等服務
1683,服飾、靴鞋、襪、冠帽等、各種旅行袋、旅行包、手提包、背包、運動用具袋、鞋零售、衣服零售、皮件零售、錶零售、眼鏡零售、首飾零售、化妝品零售、育樂用品零售、布疋零售、服飾配件零售、網路購物、為消費者提供商品資訊及購物建議服務、廣告、代理進出口服務等多種商品及服務,
1684,NTU,教育服務、科學及技術服務等
1685,TutorABC,線上英語教學
1686,TutorABC,線上英語教學
1687,TutorABCENGLISH@NYTIMEANYWHERE等變化,線上英語教學
1688,TutorABC,線上英語教學
1689,TutorABCjr,線上英語教學
1690,香奈兒,髮型設計、茶室、咖啡廳、飯店、汽
